designation,ra,dec,clon,clat,sigra,sigdec,sigradec,w1mpro,w1sigmpro,w1snr,w1rchi2,w2mpro,w2sigmpro,w2snr,w2rchi2,w3mpro,w3sigmpro,w3snr,w3rchi2,w4mpro,w4sigmpro,w4snr,w4rchi2,nb,na,w1sat,w2sat,w3sat,w4sat,pmra,sigpmra,pmdec,sigpmdec,cc_flags,ext_flg,var_flg,ph_qual,moon_lev,w1nm,w1m,w2nm,w2m,w3nm,w3m,w4nm,w4m
J002418.89-720226.0,6.0787382,-72.0405626,00h24m18.90s,-72d02m26.03s,0.0450,0.0454,0.0083,10.492,0.026,42.4,4.528E+01,11.194,0.024,46.0,1.124E+01,11.642,0.276,3.9,1.006E+00,9.014,null,-1.7,9.761E-01,1,0,0.000,0.000,0.000,0.000,-54,46,-442,44,ddd0,3,44nn,AABU,0011,46,46,46,46,3,22,0,22
J002411.64-720325.4,6.0485238,-72.0570706,00h24m11.65s,-72d03m25.45s,0.0413,0.0416,0.0056,7.746,0.028,38.9,1.810E+01,7.922,0.024,45.7,1.240E+01,7.938,0.027,40.0,1.654E+00,8.555,0.327,3.3,1.251E+00,2,0,0.032,0.000,0.000,0.000,-157,35,-288,35,hdd0,3,131n,AAAB,0011,45,45,45,45,21,21,1,21
J002431.06-720542.9,6.1294267,-72.0952606,00h24m31.06s,-72d05m42.94s,0.0655,0.0624,-0.0062,10.320,0.031,35.4,1.713E+01,10.970,0.036,30.4,9.090E+00,11.480,0.240,4.5,9.124E-01,9.157,null,-2.0,9.778E-01,1,0,0.000,0.000,0.000,0.000,-258,56,332,60,dd00,3,47nn,AABU,0011,46,46,46,46,4,21,0,21
J002413.34-720354.7,6.0555950,-72.0652138,00h24m13.34s,-72d03m54.77s,0.0573,0.0533,-0.0137,8.324,0.031,35.5,1.332E+01,8.498,0.029,37.1,8.261E+00,8.490,0.037,29.3,1.826E+00,8.114,0.223,4.9,3.408E+00,2,0,0.000,0.000,0.000,0.000,56,46,144,45,dhd0,3,2210,AAAB,0011,45,45,45,45,20,20,7,21
J002337.17-720502.4,5.9049064,-72.0840232,00h23m37.18s,-72d05m02.48s,0.0374,0.0383,0.0088,9.669,0.022,48.4,1.144E+02,10.051,0.020,53.8,4.830E+01,10.410,0.076,14.3,1.259E+00,9.090,null,-0.8,9.424E-01,2,0,0.000,0.000,0.000,0.000,-56,87,639,118,dd00,3,n30n,AAAU,0011,44,44,44,44,19,20,0,20
J002353.24-720436.0,5.9718701,-72.0766676,00h23m53.25s,-72d04m36.00s,0.0481,0.0471,-0.0154,8.385,0.026,41.5,4.784E+01,8.601,0.025,42.7,3.210E+01,8.659,0.038,28.9,3.631E+00,8.072,0.214,5.1,1.076E+00,3,0,0.000,0.000,0.000,0.000,42,37,331,36,ddd0,3,441n,AAAB,0011,44,44,43,43,21,21,3,21
J002406.07-720636.6,6.0252978,-72.1101775,00h24m06.07s,-72d06m36.64s,0.0415,0.0429,-0.0048,9.525,0.021,51.1,5.939E+01,10.114,0.025,44.1,1.722E+01,10.092,0.071,15.2,9.263E-01,8.892,null,-0.5,2.032E+00,2,0,0.000,0.000,0.000,0.000,16,35,702,34,ddd0,3,330n,AAAU,0011,43,43,43,43,19,19,0,19
J002349.34-720450.8,5.9556159,-72.0807829,00h23m49.35s,-72d04m50.82s,0.0337,0.0340,0.0041,6.977,0.032,34.3,1.005E+01,7.311,0.020,53.3,8.504E+00,7.193,0.017,65.2,4.472E+00,7.556,0.150,7.3,9.677E-01,1,0,0.110,0.000,0.000,0.000,248,30,-175,31,ddh0,3,053n,AAAB,0011,43,43,43,43,21,21,5,21
J002436.91-720313.0,6.1538168,-72.0536341,00h24m36.92s,-72d03m13.08s,0.0384,0.0385,0.0093,10.128,0.023,46.7,5.121E+01,10.578,0.021,51.4,2.302E+01,10.677,0.099,11.0,1.052E+00,9.313,null,-1.4,9.154E-01,2,0,0.000,0.000,0.000,0.000,-97,34,-134,35,dd00,3,330n,AAAU,0011,46,46,46,46,15,21,0,21
J002339.70-720500.8,5.9154406,-72.0835617,00h23m39.71s,-72d05m00.82s,0.0502,0.0464,0.0030,9.633,0.026,41.2,3.492E+01,9.899,0.026,42.0,2.161E+01,10.012,0.055,19.8,1.418E+00,8.831,null,-0.2,8.320E-01,2,0,0.000,0.000,0.000,0.000,271,40,5,38,dd00,3,551n,AAAU,0011,44,44,44,44,19,20,0,20
J002359.79-720528.0,5.9991552,-72.0911144,00h23m59.80s,-72d05m28.01s,0.0357,0.0338,0.0084,5.718,0.161,6.7,2.564E+02,7.271,0.022,48.3,1.586E+02,6.976,0.018,60.7,8.640E+01,6.352,0.076,14.4,5.511E+00,1,0,0.216,0.000,0.000,0.000,175,29,-1120,28,ddd0,3,nn97,BAAA,0011,30,36,42,43,20,20,15,20
J002422.83-720422.5,6.0951340,-72.0729335,00h24m22.83s,-72d04m22.56s,0.0286,0.0274,-0.0029,5.443,0.066,16.4,2.704E+01,6.161,0.017,62.8,3.856E+02,5.832,0.013,83.9,1.817E+02,5.870,0.044,24.9,5.636E+00,1,0,0.153,0.057,0.000,0.000,450,26,-835,25,ddd0,3,3nn0,AAAA,0011,46,46,46,46,20,20,21,21
J002350.35-720550.5,5.9598124,-72.0973873,00h23m50.35s,-72d05m50.59s,0.0324,0.0332,0.0072,5.736,0.066,16.4,1.429E+01,6.224,0.027,40.9,7.789E+00,5.984,0.016,66.6,1.231E+00,5.673,0.043,25.5,1.049E+00,1,0,0.135,0.063,0.000,0.000,-10,27,-110,28,hhd0,3,3300,AAAA,0011,42,42,42,42,19,19,19,19
J002412.72-720639.7,6.0530131,-72.1110484,00h24m12.72s,-72d06m39.77s,0.0287,0.0321,0.0022,5.834,0.033,33.4,3.730E+00,5.497,0.062,17.6,1.332E+00,4.813,0.010,112.6,8.671E-01,4.056,0.024,46.1,9.009E-01,2,1,0.762,0.132,0.000,0.000,460,28,272,28,ddh0,3,nnnn,AAAA,0011,45,45,45,45,20,20,20,20
J002427.37-720520.7,6.1140637,-72.0890931,00h24m27.38s,-72d05m20.74s,0.0437,0.0434,0.0097,9.650,0.026,41.7,3.374E+01,10.040,0.023,47.8,1.653E+01,10.237,0.067,16.1,9.531E-01,9.332,null,-4.8,1.155E+00,1,0,0.000,0.000,0.000,0.000,-366,37,28,36,dd00,3,660n,AAAU,0011,46,46,46,46,20,20,0,20
J002337.15-720637.6,5.9048033,-72.1104701,00h23m37.15s,-72d06m37.69s,0.0372,0.0387,0.0088,9.435,0.022,48.6,1.528E+01,9.750,0.021,50.9,2.512E+00,9.871,0.072,15.0,7.830E-01,9.234,null,-0.4,9.673E-01,1,0,0.000,0.000,0.000,0.000,132,32,-39,34,dh00,3,321n,AAAU,0011,44,44,44,44,21,21,0,21
J002408.94-720259.5,6.0372790,-72.0498748,00h24m08.95s,-72d02m59.55s,0.0347,0.0347,0.0070,6.784,0.036,30.5,5.215E+00,7.046,0.020,54.3,2.455E+00,6.868,0.017,62.1,1.267E+00,6.810,0.103,10.5,8.048E-01,1,0,0.360,0.002,0.000,0.000,-42,31,160,31,hhh0,3,0110,AAAA,0011,42,42,44,44,21,21,21,21
J002351.31-720349.2,5.9637930,-72.0636725,00h23m51.31s,-72d03m49.22s,0.0435,0.0438,-0.0134,7.042,0.045,24.1,2.838E+00,7.301,0.024,45.3,2.937E+00,7.171,0.022,49.8,1.165E+00,7.200,0.104,10.5,1.182E+00,2,0,0.207,0.000,0.000,0.000,154,53,55,37,ddh0,2,1300,AAAA,0011,45,45,45,45,20,20,15,20
J002352.76-720651.6,5.9698361,-72.1143421,00h23m52.76s,-72d06m51.63s,0.0570,0.0482,0.0172,11.831,0.027,39.8,1.257E+02,16.750,null,-58.2,5.125E+01,12.548,null,-4.8,9.674E-01,9.075,null,-1.4,1.018E+00,2,0,0.000,0.001,0.000,0.000,-347,50,-393,64,dDH0,3,nnnn,AUUU,0011,41,41,4,42,0,19,0,19
J002349.28-720619.6,5.9553612,-72.1054517,00h23m49.29s,-72d06m19.63s,0.0366,0.0356,0.0054,7.683,0.027,39.8,2.666E+00,7.867,0.022,48.8,2.103E+00,7.730,0.020,54.2,1.116E+00,7.611,0.121,9.0,1.080E+00,1,0,0.093,0.001,0.000,0.000,38,34,41,33,hd00,2,0000,AAAB,0011,42,42,42,42,19,19,9,19
J002420.40-720555.0,6.0850394,-72.0986254,00h24m20.41s,-72d05m55.05s,0.0345,0.0344,0.0062,8.093,0.023,47.2,7.811E+01,8.208,0.020,53.4,6.868E+01,8.358,0.023,47.1,9.140E+00,9.201,null,0.1,9.799E-01,1,0,0.000,0.000,0.000,0.000,-865,42,9193,32,ddd0,3,330n,AAAU,0011,44,44,44,44,20,20,0,20
J002358.94-720234.5,5.9956043,-72.0429250,00h23m58.95s,-72d02m34.53s,0.0309,0.0314,0.0064,6.306,0.048,22.8,5.813E+01,7.025,0.020,54.5,2.889E+00,6.806,0.017,65.0,1.311E+00,6.746,0.073,14.9,9.537E-01,1,0,0.089,0.022,0.000,0.000,-57,29,125,29,dd00,3,3310,AAAA,0011,44,44,44,44,21,21,21,21
J002406.40-720658.8,6.0266796,-72.1163513,00h24m06.40s,-72d06m58.86s,0.0368,0.0367,0.0067,8.168,0.024,44.4,5.160E+01,8.235,0.021,51.3,6.855E+01,8.244,0.024,44.7,6.382E+00,8.651,0.442,2.5,1.142E+00,2,0,0.000,0.000,0.000,0.000,-269,33,653,42,ddd0,3,998n,AAAC,0011,43,43,43,43,19,19,0,19
J002413.04-720452.4,6.0543411,-72.0812388,00h24m13.04s,-72d04m52.46s,0.0303,0.0287,0.0064,4.461,0.145,7.5,1.835E+02,5.121,0.085,12.8,4.458E+02,6.333,0.019,57.3,2.131E+01,5.813,0.054,20.0,6.853E+00,1,0,0.293,0.083,0.000,0.000,1098,25,-583,24,ddd0,3,nn33,BAAA,0011,36,43,45,45,20,20,20,20
J002357.00-720648.8,5.9875382,-72.1135773,00h23m57.01s,-72d06m48.88s,0.0433,0.0433,0.0089,9.248,0.025,43.5,6.378E+00,9.745,0.024,45.8,8.515E+00,9.664,0.051,21.2,1.258E+00,9.061,null,-3.7,8.647E-01,1,0,0.000,0.000,0.000,0.000,-162,36,114,36,ddd0,3,141n,AAAU,0011,43,43,43,43,19,19,0,19
J002433.27-720520.2,6.1386384,-72.0889660,00h24m33.27s,-72d05m20.28s,0.1691,0.1172,0.0461,11.320,0.068,16.1,9.285E+00,12.407,0.066,16.5,1.111E+01,12.301,null,-0.2,1.115E+00,9.298,null,-1.7,1.051E+00,1,0,0.000,0.000,0.000,0.000,414,107,-11,232,hdd0,3,33nn,AAUU,0011,46,46,35,46,0,21,0,21
J002407.92-720432.8,6.0330189,-72.0758012,00h24m07.92s,-72d04m32.88s,0.0328,0.0324,0.0098,3.587,0.134,8.1,9.970E+01,4.275,0.095,11.4,2.367E+02,5.414,0.018,59.1,1.115E+01,5.010,0.037,29.2,4.172E+00,1,0,0.282,0.128,0.000,0.000,972,26,-903,26,hhd0,3,nn11,BAAA,0011,38,43,44,44,20,20,20,20
J002425.69-720629.8,6.1070684,-72.1082944,00h24m25.70s,-72d06m29.86s,0.0332,0.0335,0.0054,7.173,0.030,35.9,3.288E+00,7.309,0.020,53.9,2.265E+00,7.044,0.018,61.3,1.155E+00,6.941,0.086,12.6,9.103E-01,1,0,0.198,0.000,0.000,0.000,86,30,202,30,hhd0,3,0100,AAAA,0011,44,44,44,44,21,21,19,21
J002415.85-720302.7,6.0660782,-72.0507728,00h24m15.86s,-72d03m02.78s,0.0371,0.0366,0.0071,8.609,0.024,46.0,1.218E+01,8.805,0.022,50.4,6.178E+00,8.708,0.025,43.4,1.234E+00,8.719,0.402,2.7,9.215E-01,1,0,0.000,0.000,0.000,0.000,21,33,80,33,hdd0,3,141n,AAAC,0011,45,45,45,45,21,21,1,21
J002354.66-720338.8,5.9777895,-72.0607933,00h23m54.67s,-72d03m38.86s,0.0340,0.0345,0.0059,7.002,0.028,38.6,6.245E+00,7.244,0.020,53.7,3.705E+00,7.115,0.020,53.4,1.020E+00,7.160,0.100,10.9,9.360E-01,2,0,0.161,0.000,0.000,0.000,87,40,119,41,dhh0,3,0300,AAAA,0011,45,45,45,45,20,20,13,20
J002347.35-720332.3,5.9472990,-72.0589761,00h23m47.35s,-72d03m32.31s,0.0484,0.0471,0.0055,9.863,0.026,42.3,1.748E+01,10.208,0.026,41.1,7.129E+00,10.645,0.085,12.8,1.103E+00,9.007,null,0.1,7.914E-01,1,0,0.000,0.000,0.000,0.000,-38,39,-86,38,dd00,3,440n,AAAU,0011,44,44,44,44,17,20,0,20
J002415.18-720532.9,6.0632898,-72.0924914,00h24m15.19s,-72d05m32.97s,0.0334,0.0336,0.0039,6.279,0.145,7.5,2.340E+02,7.532,0.021,52.0,1.143E+01,7.484,0.018,60.5,3.557E+00,7.854,0.156,7.0,9.754E-01,1,0,0.121,0.000,0.000,0.000,386,30,-355,31,ddd0,3,n21n,BAAB,0011,40,40,43,43,20,20,5,20
J002347.40-720652.7,5.9475023,-72.1146423,00h23m47.40s,-72d06m52.71s,0.0329,0.0339,0.0071,6.609,0.070,15.6,1.121E+00,6.763,0.021,52.0,1.413E+00,6.536,0.016,66.8,1.102E+00,6.412,0.070,15.6,9.097E-01,1,0,0.116,0.033,0.000,0.000,100,30,95,30,hhd0,2,1000,AAAA,0011,42,42,42,42,20,20,20,20
J002420.37-720449.0,6.0849059,-72.0802795,00h24m20.38s,-72d04m49.01s,0.0336,0.0338,0.0041,5.219,0.172,6.3,1.731E+01,6.204,0.023,48.0,3.092E+01,6.121,0.015,70.2,5.989E+00,5.995,0.048,22.4,1.388E+00,1,0,0.185,0.055,0.000,0.000,-98,28,288,28,ddd0,3,3210,BAAA,0011,45,45,45,45,20,20,20,20
J002335.37-720244.4,5.8973956,-72.0456902,00h23m35.37s,-72d02m44.48s,0.0438,0.0434,0.0105,10.958,0.025,44.2,2.949E+01,11.403,0.024,45.0,5.066E+00,11.855,0.266,4.1,8.225E-01,9.287,null,-0.3,9.907E-01,1,0,0.000,0.000,0.000,0.000,104,50,91,49,hd00,3,31nn,AABU,0011,46,46,46,46,2,23,1,23
J002356.67-720250.2,5.9861426,-72.0472956,00h23m56.67s,-72d02m50.26s,0.0374,0.0372,0.0098,9.436,0.022,48.7,3.740E+01,9.821,0.021,51.9,1.310E+01,9.908,0.058,18.8,1.576E+00,9.333,null,0.2,1.169E+00,1,0,0.000,0.000,0.000,0.000,-228,33,-252,33,ddh0,3,330n,AAAU,0011,45,45,45,45,21,21,0,21
J002346.30-720448.3,5.9429514,-72.0801078,00h23m46.31s,-72d04m48.39s,0.0647,0.0611,-0.0099,10.133,0.032,33.6,3.830E+01,10.264,0.032,33.4,1.791E+01,10.518,0.079,13.8,1.600E+00,8.936,null,-2.7,1.049E+00,1,0,0.000,0.000,0.000,0.000,1436,52,-33,46,ddh0,3,440n,AAAU,0011,44,44,44,44,18,20,0,20
J002419.27-720518.8,6.0803182,-72.0885701,00h24m19.28s,-72d05m18.85s,0.0363,0.0360,0.0033,8.041,0.025,44.1,1.222E+01,8.279,0.022,50.2,4.802E+00,8.191,0.020,53.5,1.572E+00,8.421,null,1.5,1.042E+00,1,0,0.000,0.000,0.000,0.004,25,37,11,36,ddh0,3,131n,AAAU,0011,45,45,45,45,20,20,0,20
J002414.82-720606.8,6.0617641,-72.1018950,00h24m14.82s,-72d06m06.82s,0.0469,0.0468,0.0043,8.888,0.025,43.5,4.631E+01,9.317,0.028,38.3,1.434E+01,9.353,0.059,18.4,1.144E+00,8.980,null,-1.2,9.197E-01,1,0,0.000,0.000,0.000,0.000,-48,37,159,38,ddd0,3,341n,AAAU,0011,45,45,45,45,20,20,0,20
J002430.98-720559.3,6.1291151,-72.0998276,00h24m30.99s,-72d05m59.38s,0.0416,0.0415,0.0091,10.277,0.024,45.7,5.139E+01,11.629,0.023,47.0,2.268E+01,12.350,null,-0.4,7.896E-01,9.120,null,-1.5,1.009E+00,1,0,0.000,0.000,0.000,0.000,-670,40,314,40,dd00,3,44nn,AAUU,0011,46,46,45,46,0,21,0,21
J002357.02-720402.4,5.9876157,-72.0673374,00h23m57.03s,-72d04m02.41s,0.0552,0.0536,-0.0095,8.645,0.031,35.4,2.020E+01,8.830,0.030,35.9,1.264E+01,8.669,0.034,32.1,2.554E+00,8.914,0.438,2.5,8.410E-01,2,0,0.000,0.000,0.000,0.000,48,43,99,42,ddd0,3,253n,AAAC,0011,45,45,45,45,21,21,0,21
J002342.96-720611.0,5.9290079,-72.1030674,00h23m42.96s,-72d06m11.04s,0.0501,0.0488,0.0050,9.401,0.027,40.5,1.932E+01,9.700,0.028,38.8,7.234E+00,9.716,0.054,20.0,8.897E-01,9.242,null,-3.3,1.014E+00,1,0,0.000,0.000,0.000,0.000,-128,39,50,38,dh00,3,420n,AAAU,0011,43,43,42,42,19,19,0,20
J002353.17-720415.7,5.9715759,-72.0710306,00h23m53.18s,-72d04m15.71s,0.0393,0.0379,0.0050,6.910,0.036,30.5,3.633E+00,7.141,0.022,48.6,1.936E+00,7.026,0.020,54.8,1.107E+00,7.034,0.108,10.1,9.082E-01,2,0,0.141,0.000,0.000,0.000,-72,31,179,31,ddd0,3,0110,AAAA,0011,45,45,45,45,21,21,17,21
J002408.59-720354.9,6.0358121,-72.0652729,00h24m08.59s,-72d03m54.98s,0.0332,0.0334,-0.0039,5.147,0.056,19.2,1.160E+01,5.439,0.049,22.0,4.490E+00,4.957,0.015,71.4,9.691E-01,4.329,0.028,38.5,9.823E-01,1,0,0.195,0.140,0.000,0.000,31,27,-305,28,hHH0,3,3nn1,AAAA,0011,44,44,44,44,20,20,20,20
J002414.48-720508.8,6.0603513,-72.0857916,00h24m14.48s,-72d05m08.85s,0.0396,0.0393,0.0066,5.293,0.228,4.8,1.544E+02,6.553,0.024,44.8,1.474E+01,6.241,0.020,54.6,8.174E+00,5.977,0.046,23.5,3.008E+00,1,0,0.252,0.080,0.000,0.000,520,24,-455,24,ddh0,3,n343,BAAA,0011,34,39,45,45,20,20,20,20
J002357.66-720530.1,5.9902800,-72.0917126,00h23m57.67s,-72d05m30.17s,0.0284,0.0279,-0.0021,4.902,0.040,27.4,6.848E+01,6.251,0.025,43.0,1.440E+02,5.855,0.018,60.4,8.498E+01,5.595,0.043,25.1,8.045E+00,1,0,0.219,0.050,0.000,0.000,2053,25,1015,24,dhd0,3,4n31,AAAA,0011,43,43,43,43,20,20,20,20
J002419.49-720629.6,6.0812212,-72.1082487,00h24m19.49s,-72d06m29.70s,0.0493,0.0475,-0.0074,9.902,0.024,45.5,4.061E+01,10.258,0.028,38.8,1.173E+01,10.375,0.071,15.3,9.437E-01,9.178,null,0.1,1.565E+00,1,0,0.000,0.000,0.000,0.000,-37,38,71,38,ddd0,3,440n,AAAU,0011,44,44,45,45,19,20,0,20
J002437.73-720407.9,6.1572188,-72.0688697,00h24m37.73s,-72d04m07.93s,0.0852,0.0845,-0.0470,11.555,0.039,27.8,6.944E+01,12.875,0.044,24.5,1.404E+01,12.432,null,-2.7,1.158E+00,9.210,null,-2.2,9.616E-01,1,0,0.000,0.000,0.000,0.000,1402,125,-857,117,dd00,3,33nn,AAUU,0011,46,46,46,46,0,21,0,21
J002337.74-720529.2,5.9072514,-72.0914682,00h23m37.74s,-72d05m29.29s,0.0447,0.0455,0.0042,9.704,0.026,41.9,5.201E+00,10.057,0.024,45.2,6.115E+00,10.016,0.083,13.1,9.314E-01,9.072,null,-1.9,9.053E-01,2,0,0.000,0.000,0.000,0.000,-2,40,-27,40,dd00,3,321n,AAAU,0011,43,43,43,43,19,19,1,19
J002406.99-720614.7,6.0291558,-72.1040909,00h24m07.00s,-72d06m14.73s,0.0391,0.0392,0.0077,8.544,0.024,45.0,8.234E+01,8.745,0.022,49.0,5.501E+01,8.812,0.035,31.1,2.588E+00,8.853,null,-4.7,9.032E-01,1,0,0.000,0.000,0.000,0.000,-34,33,-358,33,ddd0,3,330n,AAAU,0011,44,44,44,44,20,20,0,20
J002342.57-720718.5,5.9273813,-72.1218232,00h23m42.57s,-72d07m18.56s,0.0675,0.0626,-0.0060,13.262,0.037,29.0,1.828E+01,16.855,null,-47.6,9.467E+00,12.645,null,-4.7,8.819E-01,9.350,null,-0.4,9.914E-01,1,0,0.000,0.000,0.000,0.000,-892,216,295,207,dD00,3,3nnn,AUUU,0011,43,43,0,43,0,20,0,20
J002427.00-720352.9,6.1125184,-72.0647022,00h24m27.00s,-72d03m52.93s,0.0461,0.0476,-0.0082,9.426,0.026,42.2,1.415E+01,9.739,0.025,43.3,5.292E+00,9.895,0.053,20.3,9.586E-01,9.125,null,-0.6,1.023E+00,2,0,0.000,0.000,0.000,0.000,-32,38,-15,39,dhh0,3,141n,AAAU,0011,45,45,45,45,21,21,0,21
J002341.72-720526.3,5.9238409,-72.0906451,00h23m41.72s,-72d05m26.32s,0.0567,0.0570,0.0093,10.819,0.030,36.1,2.202E+01,11.292,0.031,35.5,7.164E+00,12.356,0.497,2.2,9.627E-01,8.956,null,-3.1,8.022E-01,1,0,0.000,0.000,0.000,0.000,298,50,406,49,ddd0,3,44nn,AACU,0011,43,43,43,43,1,19,0,19
J002411.27-720507.9,6.0469634,-72.0855535,00h24m11.27s,-72d05m07.99s,0.0303,0.0307,0.0078,4.850,0.145,7.5,3.084E+02,5.540,0.090,12.1,7.660E+02,6.319,0.019,56.9,2.742E+01,5.872,0.060,18.2,5.111E+00,1,0,0.283,0.112,0.000,0.000,1126,22,-380,22,ddd0,3,nn42,BAAA,0011,38,41,33,34,20,20,20,20
J002421.77-720300.3,6.0907308,-72.0501050,00h24m21.78s,-72d03m00.38s,0.0316,0.0316,0.0070,6.818,0.033,32.4,8.988E+01,6.967,0.018,59.2,1.430E+02,6.795,0.015,73.9,6.410E+01,6.806,0.090,12.0,9.023E-01,1,0,0.424,0.000,0.000,0.000,463,28,516,28,dhh0,3,3n10,AAAA,0011,45,45,45,45,21,21,19,21
J002333.87-720310.6,5.8911557,-72.0529563,00h23m33.88s,-72d03m10.64s,0.0406,0.0413,0.0093,11.292,0.024,44.5,5.895E+01,11.843,0.022,49.8,1.355E+01,12.552,0.444,2.4,1.014E+00,9.422,null,-1.3,1.016E+00,1,0,0.000,0.000,0.000,0.000,-262,41,-202,41,dh00,3,32nn,AACU,0011,46,46,46,46,0,23,0,23
J002350.65-720421.3,5.9610803,-72.0725997,00h23m50.66s,-72d04m21.36s,0.0359,0.0362,-0.0008,7.366,0.029,37.8,1.829E+01,7.581,0.022,49.8,3.042E+01,7.419,0.020,55.6,9.581E+00,7.512,0.184,5.9,1.296E+00,3,0,0.050,0.000,0.000,0.000,-61,68,-177,66,ddd0,3,255n,AAAB,0011,44,44,44,44,21,21,6,21
J002341.58-720645.4,5.9232742,-72.1126176,00h23m41.59s,-72d06m45.42s,0.0358,0.0364,0.0079,8.179,0.023,47.4,7.412E+00,8.363,0.021,51.2,4.384E+00,8.262,0.028,39.2,8.879E-01,8.325,0.229,4.7,1.109E+00,1,0,0.000,0.000,0.000,0.000,-126,31,125,32,hhd0,3,120n,AAAB,0011,43,43,43,43,20,20,3,20
J002430.14-720458.6,6.1256030,-72.0829666,00h24m30.14s,-72d04m58.68s,0.0413,0.0410,0.0048,8.692,0.025,44.2,1.875E+01,8.858,0.023,46.5,1.026E+01,8.763,0.035,31.0,1.259E+00,9.323,null,-0.4,9.447E-01,1,0,0.000,0.000,0.000,0.000,27,33,-135,33,ddd0,3,141n,AAAU,0011,46,46,46,46,20,20,0,20
J002359.89-720357.1,5.9995650,-72.0658779,00h23m59.90s,-72d03m57.16s,0.0440,0.0416,-0.0046,8.150,0.026,41.5,3.355E+01,8.265,0.024,45.3,2.360E+01,8.282,0.024,45.2,6.030E+00,8.783,0.437,2.5,7.489E-01,2,0,0.000,0.000,0.000,0.000,-551,37,532,36,ddd0,3,442n,AAAC,0011,45,45,45,45,21,21,0,21
J002434.40-720512.8,6.1433662,-72.0869096,00h24m34.41s,-72d05m12.87s,0.0404,0.0400,0.0071,9.068,0.025,44.2,5.731E+01,9.266,0.023,47.9,3.807E+01,9.366,0.036,30.1,1.669E+00,9.303,0.525,2.1,1.101E+00,2,0,0.000,0.000,0.000,0.000,-285,34,548,33,ddd0,3,331n,AAAC,0011,46,46,46,46,21,21,1,21
J002333.93-720650.5,5.8913963,-72.1140544,00h23m33.94s,-72d06m50.60s,0.0401,0.0408,0.0083,9.537,0.024,45.5,1.398E+01,9.786,0.022,48.8,6.703E+00,9.793,0.060,18.0,8.707E-01,9.347,null,-0.4,1.126E+00,1,0,0.000,0.000,0.000,0.000,-177,34,93,35,dd00,3,441n,AAAU,0011,44,44,44,44,21,21,0,21
J002350.14-720710.6,5.9589562,-72.1196320,00h23m50.15s,-72d07m10.68s,0.0673,0.0727,0.0369,11.827,0.035,30.9,1.091E+02,16.665,null,-30.5,4.594E+01,12.578,null,-3.0,1.110E+00,9.174,null,-2.1,1.133E+00,2,0,0.000,0.001,0.000,0.000,229,60,-619,59,dHH0,3,nnnn,AUUU,0011,42,42,3,42,0,20,0,20
J002347.77-720536.7,5.9490712,-72.0935346,00h23m47.78s,-72d05m36.72s,0.0656,0.0632,-0.0084,9.827,0.037,29.7,3.104E+01,9.949,0.033,32.8,1.780E+01,9.393,0.050,21.8,3.956E+00,8.125,0.291,3.7,1.536E+00,2,0,0.000,0.000,0.000,0.000,10,49,743,48,ddd0,3,799n,AAAB,0011,43,43,42,42,19,19,2,20
J002413.61-720709.6,6.0567252,-72.1193470,00h24m13.61s,-72d07m09.65s,0.0398,0.0397,0.0071,9.354,0.023,46.4,1.534E+01,9.713,0.022,49.9,7.579E+00,9.681,0.057,19.0,9.543E-01,9.025,null,0.3,2.042E+00,2,0,0.000,0.000,0.000,0.000,-83,34,8,33,ddd0,3,330n,AAAU,0011,44,44,44,44,19,19,0,19
J002424.05-720326.7,6.1002418,-72.0574371,00h24m24.06s,-72d03m26.77s,0.0328,0.0325,0.0064,7.474,0.025,43.0,2.416E+01,7.674,0.020,55.5,2.528E+01,7.676,0.019,57.5,2.009E+00,7.971,0.228,4.8,8.112E-01,1,0,0.100,0.000,0.000,0.000,-133,40,194,47,ddh0,3,030n,AAAB,0011,46,46,46,46,21,21,3,21
J002333.87-720328.4,5.8911312,-72.0579093,00h23m33.87s,-72d03m28.47s,0.0458,0.0568,0.0230,9.025,0.029,37.0,3.908E+01,9.178,0.030,36.6,1.706E+01,9.268,0.051,21.3,8.692E-01,8.760,null,0.9,8.162E-01,1,0,0.000,0.001,0.000,0.000,272,37,-8,33,dh00,3,420n,AAAU,0011,45,45,45,45,23,23,0,23
J002417.31-720552.5,6.0721642,-72.0979200,00h24m17.32s,-72d05m52.51s,0.0375,0.0374,0.0055,8.341,0.024,44.6,2.000E+01,8.571,0.022,48.7,9.896E+00,8.528,0.024,46.0,1.788E+00,9.080,null,0.0,9.243E-01,1,0,0.000,0.000,0.000,0.000,-75,34,-26,34,ddd0,3,341n,AAAU,0011,44,44,44,44,20,20,0,20
J002349.51-720529.8,5.9563104,-72.0916348,00h23m49.51s,-72d05m29.89s,0.0459,0.0461,-0.0065,8.658,0.027,40.3,4.946E+00,8.850,0.027,39.8,2.994E+00,8.704,0.028,38.3,2.619E+00,8.802,0.486,2.2,1.594E+00,2,0,0.000,0.000,0.000,0.000,-132,37,-41,38,ddd0,3,883n,AAAC,0011,43,43,43,43,20,20,0,20
J002410.26-720238.5,6.0427549,-72.0440392,00h24m10.26s,-72d02m38.54s,0.0331,0.0331,0.0068,8.266,0.022,49.3,4.132E+01,8.535,0.020,55.6,2.286E+01,8.622,0.022,48.7,1.955E+00,9.077,0.520,2.1,7.965E-01,1,0,0.000,0.000,0.000,0.000,-372,30,12,30,ddh0,3,342n,AAAC,0011,46,46,46,46,22,22,0,22
J002424.72-720449.3,6.1030169,-72.0803813,00h24m24.72s,-72d04m49.37s,0.0395,0.0396,0.0049,8.148,0.025,42.8,1.038E+01,8.318,0.023,47.7,4.964E+00,8.176,0.027,40.4,2.041E+00,7.760,0.147,7.4,1.603E+00,1,0,0.000,0.000,0.000,0.000,89,33,66,33,ddd0,3,584n,AAAB,0011,44,46,46,46,20,20,6,20
J002341.82-720417.5,5.9242574,-72.0715331,00h23m41.82s,-72d04m17.52s,0.0349,0.0358,0.0064,8.302,0.022,49.7,9.834E+00,8.418,0.021,52.4,6.862E+00,8.330,0.026,42.0,1.877E+00,8.459,0.279,3.9,1.303E+00,2,0,0.002,0.000,0.000,0.000,-36,32,227,32,ddd0,3,442n,AAAB,0011,43,43,43,43,20,20,1,20
J002421.02-720331.7,6.0876240,-72.0588209,00h24m21.03s,-72d03m31.76s,0.0345,0.0341,0.0070,8.308,0.022,48.6,3.068E+01,8.467,0.020,53.0,2.395E+01,8.464,0.023,46.5,2.400E+00,8.936,null,0.9,1.093E+00,1,0,0.000,0.000,0.000,0.000,44,31,380,30,ddh0,3,661n,AAAU,0011,45,45,45,45,21,21,0,21
J002351.82-720431.5,5.9659498,-72.0754284,00h23m51.83s,-72d04m31.54s,0.0605,0.0508,0.0178,8.653,0.027,39.7,5.668E+01,8.777,0.029,37.7,3.990E+01,8.707,0.039,27.6,4.175E+00,8.509,0.389,2.8,8.504E-01,3,0,0.000,0.000,0.000,0.000,-1252,64,774,41,ddd0,3,665n,AAAC,0011,44,44,44,44,21,21,1,21
J002349.27-720509.6,5.9553031,-72.0860205,00h23m49.27s,-72d05m09.67s,0.0417,0.0387,-0.0053,8.623,0.022,48.7,5.295E+01,8.784,0.022,49.4,2.794E+01,8.790,0.041,26.7,2.100E+00,8.138,null,1.7,1.051E+00,2,0,0.000,0.000,0.000,0.000,129,38,504,39,ddh0,3,440n,AAAU,0011,44,44,44,44,21,21,0,21
J002344.14-720620.7,5.9339542,-72.1057519,00h23m44.15s,-72d06m20.71s,0.0565,0.0573,-0.0067,10.248,0.028,38.5,4.998E+01,10.594,0.030,35.8,1.880E+01,10.715,0.100,10.8,9.653E-01,8.964,null,-1.3,8.943E-01,1,0,0.000,0.000,0.000,0.000,32,44,505,45,dd00,3,441n,AAAU,0011,42,42,42,42,14,19,0,19
J002337.37-720423.1,5.9057325,-72.0731056,00h23m37.38s,-72d04m23.18s,0.0429,0.0641,-0.0178,10.251,0.027,39.7,3.452E+02,10.761,0.030,35.9,7.083E+01,10.941,0.142,7.6,9.475E-01,9.113,null,0.2,9.157E-01,1,0,0.000,0.000,0.000,0.000,62,29,-69,29,dd00,3,n4nn,AABU,0011,45,45,44,44,7,21,0,22
J002337.09-720658.4,5.9045816,-72.1162314,00h23m37.10s,-72d06m58.43s,0.0417,0.0434,0.0067,10.943,0.024,44.6,4.279E+01,11.678,0.022,50.3,1.348E+01,12.242,0.435,2.5,7.883E-01,9.217,null,0.3,1.071E+00,1,0,0.000,0.000,0.000,0.000,-546,47,-210,45,dh00,3,33nn,AACU,0011,43,43,43,43,0,20,1,20
J002351.18-720637.8,5.9632728,-72.1105045,00h23m51.19s,-72d06m37.82s,0.0363,0.0367,0.0099,9.666,0.023,46.6,3.655E+01,10.272,0.019,57.7,1.105E+01,10.176,0.066,16.5,8.277E-01,9.133,null,-0.2,9.353E-01,1,0,0.000,0.000,0.000,0.000,-134,34,402,34,ddd0,3,341n,AAAU,0011,42,42,42,42,19,19,0,19
J002343.20-720241.6,5.9300248,-72.0449073,00h23m43.21s,-72d02m41.67s,0.0383,0.0388,0.0088,9.063,0.024,45.0,1.852E+00,9.322,0.021,51.9,2.930E+00,9.238,0.040,27.4,8.578E-01,8.881,null,1.2,1.065E+00,1,0,0.000,0.001,0.000,0.000,-67,35,87,35,ddd0,2,120n,AAAU,0011,46,46,45,45,22,22,1,23
J002336.96-720232.1,5.9040222,-72.0422758,00h23m36.97s,-72d02m32.19s,0.0402,0.0404,0.0103,10.744,0.024,45.1,8.141E+01,11.293,0.022,50.1,2.219E+01,11.465,0.173,6.3,8.757E-01,9.380,null,-0.7,1.009E+00,2,0,0.000,0.000,0.000,0.000,-309,39,181,38,dd00,3,32nn,AABU,0011,46,46,46,46,5,23,0,23
J002406.67-720442.7,6.0278152,-72.0785555,00h24m06.68s,-72d04m42.80s,0.0427,0.0338,0.0101,5.340,0.128,8.5,1.395E+03,6.423,0.192,5.6,7.381E+02,5.991,0.016,66.3,1.064E+02,5.356,0.045,24.4,1.817E+01,1,0,0.288,0.125,0.000,0.000,11774,20,5172,20,ddd0,3,nnn9,BBAA,0011,33,37,38,38,20,20,17,20
J002337.25-720610.2,5.9052292,-72.1028428,00h23m37.26s,-72d06m10.23s,0.0546,0.0541,0.0060,10.093,0.029,37.1,9.925E+00,10.454,0.028,38.6,7.325E+00,10.575,0.097,11.2,1.020E+00,9.111,null,-2.2,8.355E-01,1,0,0.000,0.000,0.000,0.000,27,43,-48,42,ddd0,3,252n,AAAU,0011,44,44,44,44,17,20,0,20
J002428.04-720403.9,6.1168556,-72.0677687,00h24m28.05s,-72d04m03.97s,0.0467,0.0445,0.0041,9.516,0.025,43.0,5.500E+01,9.858,0.025,44.1,2.954E+01,9.844,0.057,19.0,1.029E+00,8.705,null,1.2,9.671E-01,2,0,0.000,0.000,0.000,0.000,-245,41,163,40,ddd0,3,330n,AAAU,0011,45,45,45,45,21,21,0,21
J002401.37-720649.9,6.0057273,-72.1138653,00h24m01.37s,-72d06m49.92s,0.0575,0.0452,-0.0136,10.339,0.025,42.9,4.050E+01,11.609,0.025,42.6,1.122E+02,12.503,null,-1.7,1.672E+00,8.889,null,-2.7,8.151E-01,1,0,0.000,0.000,0.000,0.000,-159,48,-81,44,hdD0,3,3nnn,AAUU,0011,43,43,42,43,0,18,0,19
J002353.61-720622.1,5.9733813,-72.1061547,00h23m53.61s,-72d06m22.16s,0.0618,0.0586,-0.0075,9.733,0.028,38.9,6.653E+01,10.130,0.035,30.8,1.707E+01,10.063,0.085,12.8,1.030E+00,8.689,null,0.1,9.902E-01,1,0,0.000,0.001,0.000,0.000,610,47,-217,49,ddd0,3,341n,AAAU,0011,42,42,42,42,19,19,0,19
J002342.36-720304.5,5.9265347,-72.0512710,00h23m42.37s,-72d03m04.58s,0.0462,0.0458,0.0074,10.268,0.026,41.2,7.733E+00,10.481,0.024,44.7,3.186E+00,10.584,0.081,13.3,8.925E-01,9.171,null,-0.9,8.709E-01,1,0,0.000,0.000,0.000,0.000,-89,44,-64,44,dd00,3,130n,AAAU,0011,45,45,45,45,20,22,0,22
J002405.10-720452.5,6.0212760,-72.0812723,00h24m05.11s,-72d04m52.58s,0.0198,0.0199,-0.0027,2.394,0.063,17.1,1.966E+02,4.051,0.084,12.9,1.331E+02,5.826,0.016,68.5,8.961E+01,5.148,0.045,24.3,1.521E+01,1,0,0.296,0.120,0.000,0.000,1170,22,-17124,22,dhd0,5,nn43,AAAA,0011,41,41,41,41,20,20,20,20
J002430.15-720431.4,6.1256346,-72.0754007,00h24m30.15s,-72d04m31.44s,0.0354,0.0355,0.0019,6.747,0.039,27.7,2.264E+00,6.800,0.021,50.5,2.066E+00,6.528,0.017,64.3,1.117E+00,6.379,0.065,16.7,9.193E-01,1,0,0.610,0.052,0.000,0.000,-3,33,137,33,dd00,2,1111,AAAA,0011,31,32,47,47,21,21,21,21
J002429.72-720338.0,6.1238425,-72.0605742,00h24m29.72s,-72d03m38.07s,0.0390,0.0381,0.0090,9.327,0.024,45.0,1.308E+01,9.696,0.021,51.7,9.248E+00,9.713,0.040,27.0,1.081E+00,9.323,null,-0.7,1.010E+00,1,0,0.000,0.000,0.000,0.004,-68,33,210,33,ddd0,3,330n,AAAU,0011,46,46,46,46,21,21,0,21
J002436.65-720539.4,6.1527186,-72.0942886,00h24m36.65s,-72d05m39.44s,0.0340,0.0349,0.0052,7.282,0.030,36.3,2.266E+00,7.492,0.020,53.1,1.772E+00,7.336,0.019,56.3,1.027E+00,7.377,0.095,11.4,9.054E-01,1,0,0.180,0.000,0.000,0.000,28,112,1,50,hh00,2,0000,AAAA,0011,45,45,45,45,21,21,14,21
J002339.08-720229.2,5.9128497,-72.0414565,00h23m39.08s,-72d02m29.24s,0.0457,0.0438,0.0092,10.345,0.026,42.4,4.523E+00,10.737,0.024,45.0,3.938E+00,10.690,0.100,10.8,9.351E-01,9.341,null,-0.5,1.038E+00,2,0,0.000,0.000,0.000,0.000,2,38,-2,39,dd00,3,441n,AAAU,0011,46,46,46,46,16,23,0,23
J002354.50-720507.8,5.9771143,-72.0855145,00h23m54.51s,-72d05m07.85s,0.0361,0.0351,-0.0020,6.434,0.037,29.2,2.754E+01,6.585,0.021,50.7,4.310E+01,6.479,0.017,64.6,2.757E+01,6.474,0.064,16.9,1.131E+00,1,0,0.329,0.016,0.000,0.000,75,26,-116,26,ddd0,3,3231,AAAA,0011,31,42,42,42,20,20,20,20
J002334.15-720348.7,5.8923088,-72.0635403,00h23m34.15s,-72d03m48.75s,0.0502,0.0486,-0.0077,11.398,0.025,44.3,3.057E+01,13.112,0.029,37.7,2.743E+01,12.214,null,-2.3,8.612E-01,9.250,null,-2.2,1.011E+00,1,0,0.000,0.000,0.000,0.000,-202,48,-278,46,dd00,3,33nn,AAUU,0011,45,45,41,44,0,22,0,23
J002348.61-720432.2,5.9525614,-72.0756113,00h23m48.61s,-72d04m32.20s,0.0442,0.0448,0.0066,9.096,0.023,47.6,6.052E+01,9.245,0.025,44.2,2.939E+01,9.242,0.035,31.2,3.077E+00,8.180,null,1.0,1.031E+00,1,0,0.000,0.000,0.000,0.000,277,35,571,34,ddd0,3,330n,AAAU,0011,43,43,43,43,20,20,0,20
J002346.91-720522.8,5.9454977,-72.0896769,00h23m46.92s,-72d05m22.84s,0.0476,0.0461,0.0015,9.434,0.027,40.4,3.686E+01,9.514,0.025,43.3,2.148E+01,9.397,0.046,23.7,1.665E+00,9.204,null,-2.1,9.188E-01,1,0,0.000,0.000,0.000,0.000,-613,70,512,98,ddd0,3,441n,AAAU,0011,44,44,44,44,20,21,0,21
J002430.06-720254.0,6.1252574,-72.0483561,00h24m30.06s,-72d02m54.08s,0.0533,0.0617,0.0188,10.896,0.027,39.5,5.597E+01,11.687,0.033,32.8,2.269E+01,11.768,null,1.9,1.076E+00,9.092,null,-0.9,9.850E-01,1,0,0.000,0.000,0.000,0.000,417,75,-103,78,ddd0,3,34nn,AAUU,0011,46,46,46,46,1,21,0,21
J002333.37-720236.0,5.8890466,-72.0433593,00h23m33.37s,-72d02m36.09s,0.0650,0.0639,-0.0052,11.725,0.036,30.1,1.194E+01,12.232,0.031,34.8,4.016E+00,12.876,null,-0.4,8.753E-01,9.356,null,0.0,9.823E-01,1,0,0.000,0.000,0.000,0.000,48,65,-187,65,hh00,3,32nn,AAUU,0011,46,46,46,46,0,23,0,23
J002435.11-720245.3,6.1463249,-72.0459182,00h24m35.12s,-72d02m45.31s,0.0375,0.0379,0.0097,10.436,0.022,49.1,1.523E+01,10.776,0.021,51.2,3.827E+00,11.025,0.133,8.2,8.014E-01,9.368,null,-0.4,1.008E+00,2,0,0.000,0.000,0.000,0.000,-31,38,-4,44,dd00,3,221n,AABU,0011,45,45,45,45,9,20,0,20
J002426.37-720251.6,6.1099148,-72.0476681,00h24m26.38s,-72d02m51.61s,0.0357,0.0353,0.0080,8.636,0.022,49.1,6.260E+01,8.832,0.020,53.1,2.984E+01,8.867,0.031,35.2,2.359E+00,8.900,0.448,2.4,9.612E-01,1,0,0.001,0.000,0.000,0.000,-707,31,773,30,ddd0,3,352n,AAAC,0011,47,47,47,47,22,22,0,22
J002403.15-720506.1,6.0131432,-72.0850417,00h24m03.15s,-72d05m06.15s,0.0308,0.0304,-0.0017,1.052,null,1.4,6.733E-01,3.633,0.075,14.5,1.840E+02,5.112,0.013,82.5,7.089E+01,4.844,0.035,30.8,5.925E+00,1,0,0.285,0.116,0.000,0.000,1060,26,1165,26,hhh0,3,nn31,UAAA,0011,34,42,42,42,20,20,20,20
J002434.19-720619.1,6.1424949,-72.1053238,00h24m34.20s,-72d06m19.17s,0.0339,0.0349,0.0079,8.389,0.022,49.5,1.589E+02,8.539,0.019,56.7,1.076E+02,8.801,0.034,32.2,4.550E+00,8.703,null,1.2,9.622E-01,1,0,0.000,0.000,0.000,0.000,-4074,31,10140,30,ddd0,3,nn1n,AAAU,0011,44,44,44,44,20,20,0,20
J002342.44-720331.3,5.9268441,-72.0587158,00h23m42.44s,-72d03m31.38s,0.1105,0.0782,-0.0623,11.383,0.055,19.8,8.494E+01,12.414,0.052,20.9,1.553E+01,12.111,null,-0.9,9.934E-01,9.297,null,-4.0,1.042E+00,1,0,0.000,0.000,0.000,0.000,-449,63,925,63,dd00,3,23nn,AAUU,0011,45,45,43,45,0,22,0,22
J002412.93-720339.2,6.0538824,-72.0609028,00h24m12.93s,-72d03m39.25s,0.0543,0.0526,-0.0067,8.469,0.029,37.8,1.701E+01,8.728,0.031,35.3,6.457E+00,8.690,0.037,29.3,2.320E+00,7.873,0.187,5.8,2.289E+00,2,0,0.000,0.000,0.000,0.000,-27,42,135,42,ddd0,3,2441,AAAB,0011,45,45,45,45,21,21,7,21
J002420.95-720703.9,6.0873152,-72.1177509,00h24m20.96s,-72d07m03.90s,0.0479,0.0472,0.0088,10.366,0.026,42.0,4.895E+00,10.979,0.027,40.5,1.393E+01,11.459,0.231,4.7,9.996E-01,9.002,null,-3.2,9.240E-01,1,0,0.000,0.000,0.000,0.000,8,40,-110,39,ddH0,3,14nn,AABU,0011,45,45,45,45,3,21,0,21
J002348.06-720505.3,5.9502662,-72.0848254,00h23m48.06s,-72d05m05.37s,0.0561,0.0447,-0.0218,9.287,0.026,42.2,1.820E+02,9.466,0.026,42.4,1.084E+02,9.416,0.052,20.7,3.907E+00,8.654,null,-0.3,8.879E-01,2,0,0.000,0.000,0.000,0.000,328,38,-20,36,ddh0,3,nn5n,AAAU,0011,44,44,44,44,19,21,0,21
J002402.56-720318.7,6.0106673,-72.0551961,00h24m02.56s,-72d03m18.71s,0.0355,0.0354,0.0088,8.262,0.022,48.3,3.347E+01,8.628,0.020,55.0,1.832E+01,8.705,0.035,30.6,1.926E+00,8.531,null,0.7,8.969E-01,1,0,0.000,0.000,0.000,0.000,214,31,-14,31,ddh0,3,364n,AAAU,0011,46,46,46,46,21,21,0,22
J002402.01-720229.3,6.0084130,-72.0414934,00h24m02.02s,-72d02m29.38s,0.0362,0.0356,0.0072,8.473,0.023,47.8,9.924E+00,8.664,0.021,52.6,1.258E+01,8.467,0.028,39.4,4.510E+00,8.355,0.269,4.0,1.828E+00,2,0,0.002,0.000,0.000,0.000,-240,32,155,32,ddd0,3,663n,AAAB,0011,44,44,44,44,21,21,1,21
J002348.63-720259.1,5.9526614,-72.0497773,00h23m48.64s,-72d02m59.20s,0.0329,0.0332,0.0066,7.904,0.023,47.6,6.253E+01,7.986,0.020,54.6,7.537E+01,7.770,0.020,53.4,1.301E+01,7.641,0.140,7.7,1.384E+00,1,0,0.005,0.000,0.000,0.000,-334,30,1410,30,ddd0,3,996n,AAAB,0011,45,45,44,44,22,22,6,22
J002431.82-720641.0,6.1325838,-72.1113892,00h24m31.82s,-72d06m41.00s,0.1244,0.1415,-0.0665,11.906,0.048,22.5,1.625E+01,12.824,0.094,11.5,4.761E+00,12.360,null,-2.4,9.855E-01,9.176,null,-1.0,9.252E-01,1,0,0.000,0.000,0.000,0.000,45,91,-638,90,ddh0,3,22nn,AAUU,0011,43,43,40,43,0,20,0,20
J002415.30-720437.1,6.0637511,-72.0769832,00h24m15.30s,-72d04m37.14s,0.0315,0.0327,0.0044,4.238,0.155,7.0,1.182E+02,6.130,0.021,50.5,4.038E+01,5.806,0.015,72.4,4.959E+01,5.667,0.052,20.8,2.332E+00,1,0,0.255,0.051,0.000,0.000,1266,28,479,29,ddh0,3,n330,BAAA,0011,38,43,45,45,20,20,20,20
J002344.66-720358.7,5.9361034,-72.0663211,00h23m44.66s,-72d03m58.76s,0.0421,0.0422,0.0075,9.413,0.024,45.7,5.393E+01,9.977,0.023,46.4,1.913E+01,9.998,0.064,17.0,9.794E-01,9.140,null,-0.4,1.065E+00,1,0,0.000,0.000,0.000,0.000,178,39,-135,36,dd00,3,330n,AAAU,0011,43,43,43,43,20,20,0,20
J002424.47-720716.8,6.1019987,-72.1213525,00h24m24.48s,-72d07m16.87s,0.0381,0.0387,0.0094,10.409,0.023,47.6,1.300E+02,11.110,0.021,52.7,4.318E+01,11.723,0.244,4.4,8.877E-01,9.203,null,-2.2,9.296E-01,1,0,0.000,0.000,0.000,0.000,47,37,-296,36,ddd0,3,n4nn,AABU,0011,45,45,44,44,1,21,0,21
J002407.15-720329.8,6.0297939,-72.0583046,00h24m07.15s,-72d03m29.90s,0.0394,0.0390,0.0030,7.544,0.028,38.3,7.243E+00,7.811,0.023,46.7,3.941E+00,7.672,0.024,45.8,1.609E+00,7.285,0.107,10.2,2.598E+00,1,0,0.087,0.000,0.000,0.000,-94,35,58,35,ddd0,3,0332,AAAA,0011,45,45,45,45,21,21,14,21
J002357.86-720427.3,5.9911178,-72.0742709,00h23m57.87s,-72d04m27.38s,0.0501,0.0452,-0.0061,8.002,0.035,30.8,2.330E+01,8.056,0.025,43.3,2.483E+01,7.958,0.024,45.5,1.108E+01,8.807,0.460,2.4,8.754E-01,3,0,0.000,0.000,0.000,0.000,-133,42,176,39,ddh0,3,660n,AAAC,0011,38,44,44,44,20,20,0,20
J002347.69-720250.5,5.9487357,-72.0473721,00h23m47.70s,-72d02m50.54s,0.0317,0.0320,0.0047,6.925,0.028,39.4,2.083E+02,7.412,0.020,54.6,5.583E+01,7.305,0.018,60.3,6.945E+00,7.287,0.130,8.3,8.828E-01,1,0,0.089,0.000,0.000,0.000,357,29,208,30,hdd0,3,n300,AAAB,0011,45,45,45,45,22,22,10,22
J002436.05-720703.3,6.1502201,-72.1175962,00h24m36.05s,-72d07m03.35s,0.0339,0.0308,0.0073,10.459,0.018,60.7,1.762E+02,10.766,0.018,61.5,5.814E+01,11.468,0.213,5.1,9.407E-01,9.245,null,-1.5,1.008E+00,1,0,0.000,0.000,0.000,0.002,740,39,46,30,hh00,3,n5nn,AABU,0011,44,44,44,44,2,20,0,20
J002358.18-720331.2,5.9924233,-72.0586732,00h23m58.18s,-72d03m31.22s,0.0366,0.0362,0.0058,7.845,0.024,44.3,7.935E+00,8.202,0.021,51.9,8.736E+00,8.192,0.026,41.9,2.798E+00,8.503,null,1.9,1.037E+00,1,0,0.042,0.001,0.000,0.000,-109,32,124,31,ddd0,3,099n,AAAU,0011,46,46,46,46,21,21,0,21
J002410.91-720701.2,6.0454787,-72.1170212,00h24m10.91s,-72d07m01.28s,0.0398,0.0401,0.0088,8.783,0.025,43.5,6.526E+00,9.078,0.022,49.6,3.252E+00,8.957,0.036,30.2,9.007E-01,6.993,0.092,11.8,3.731E+00,2,0,0.000,0.000,0.000,0.000,145,34,-58,34,ddd0,3,2300,AAAA,0011,44,44,44,44,19,19,14,19
J002431.29-720354.1,6.1303940,-72.0650482,00h24m31.29s,-72d03m54.17s,0.0418,0.0418,0.0079,9.344,0.025,43.9,3.284E+01,9.792,0.023,47.4,1.378E+01,9.751,0.053,20.3,9.080E-01,9.193,null,0.0,8.811E-01,1,0,0.000,0.000,0.000,0.008,150,34,-122,35,dd00,3,352n,AAAU,0011,45,45,45,45,21,21,0,21
J002354.56-720637.8,5.9773514,-72.1105233,00h23m54.56s,-72d06m37.88s,0.0366,0.0374,0.0081,8.280,0.023,47.3,4.932E+00,8.674,0.021,51.7,6.342E+00,8.540,0.035,31.3,1.267E+00,8.650,null,0.7,7.894E-01,1,0,0.000,0.000,0.000,0.000,-82,32,14,32,ddh0,3,141n,AAAU,0011,42,42,42,42,19,19,0,19
J002437.58-720510.7,6.1566087,-72.0863239,00h24m37.59s,-72d05m10.77s,0.0496,0.0465,0.0067,9.164,0.028,39.1,2.363E+01,9.311,0.026,42.3,1.484E+01,9.277,0.041,26.4,1.206E+00,8.600,null,2.0,1.096E+00,2,0,0.000,0.000,0.000,0.000,-142,38,-487,37,dh00,3,340n,AAAU,0011,47,47,47,47,21,21,0,22
J002421.76-720412.9,6.0906772,-72.0702635,00h24m21.76s,-72d04m12.95s,0.0332,0.0334,0.0045,5.833,0.077,14.1,2.566E+01,6.545,0.022,49.0,7.560E+00,6.141,0.016,67.3,7.542E+00,5.826,0.046,23.6,2.012E+00,1,0,0.145,0.034,0.000,0.000,272,28,846,29,ddh0,3,4881,AAAA,0011,45,45,46,46,21,21,21,21
J002430.29-720226.7,6.1262242,-72.0407642,00h24m30.29s,-72d02m26.75s,0.0357,0.0362,0.0090,9.146,0.022,48.5,3.262E+00,9.376,0.021,52.9,3.201E+00,9.283,0.034,32.3,9.943E-01,8.833,null,1.1,8.971E-01,1,0,0.000,0.000,0.000,0.000,-28,31,-2,31,hh00,3,120n,AAAU,0011,46,46,46,46,20,20,0,21
J002355.38-720430.4,5.9807649,-72.0751241,00h23m55.38s,-72d04m30.45s,0.0487,0.0489,0.0064,8.385,0.031,34.6,5.389E+01,8.503,0.026,42.0,4.130E+01,8.383,0.028,38.1,1.159E+01,8.144,0.223,4.9,1.037E+00,3,0,0.000,0.000,0.000,0.000,-791,34,-152,34,hdh0,3,230n,AAAB,0011,40,44,43,43,21,21,1,21
J002347.23-720552.7,5.9468100,-72.0979922,00h23m47.23s,-72d05m52.77s,0.0383,0.0369,0.0048,8.591,0.024,45.6,1.968E+01,8.726,0.021,51.1,1.529E+01,8.477,0.026,41.6,7.820E+00,7.745,0.158,6.9,3.778E+00,1,0,0.011,0.000,0.000,0.000,-194,36,197,37,dd00,3,666n,AAAB,0011,42,42,42,42,19,19,4,19
J002404.36-720654.2,6.0181918,-72.1150833,00h24m04.37s,-72d06m54.30s,0.0329,0.0332,0.0052,7.609,0.024,45.8,6.405E+01,7.832,0.020,54.6,5.636E+01,7.844,0.020,54.1,3.861E+00,8.305,0.306,3.6,9.455E-01,1,0,0.021,0.000,0.000,0.000,-394,35,-209,33,ddd0,3,441n,AAAB,0011,43,43,43,43,19,19,2,19
J002336.57-720449.6,5.9023754,-72.0804560,00h23m36.57s,-72d04m49.64s,0.0434,0.0430,0.0101,9.996,0.025,43.0,5.278E+01,10.271,0.023,47.6,2.861E+01,10.704,0.095,11.4,1.033E+00,9.298,null,0.0,9.911E-01,1,0,0.000,0.000,0.000,0.000,-328,37,524,36,dh00,3,330n,AAAU,0011,45,45,44,44,17,21,0,21
J002401.77-720409.0,6.0074045,-72.0691936,00h24m01.78s,-72d04m09.10s,0.0380,0.0379,0.0064,5.969,0.144,7.5,2.567E+02,7.557,0.023,46.4,2.319E+01,7.555,0.026,41.4,4.372E+00,8.585,0.435,2.5,1.067E+00,1,0,0.169,0.000,0.000,0.002,381,118,-703,102,ddd0,3,n41n,BAAC,0011,41,44,44,44,20,20,0,20
J002425.79-720548.6,6.1074735,-72.0968559,00h24m25.79s,-72d05m48.68s,0.0486,0.0481,0.0043,9.510,0.027,39.7,1.467E+01,10.088,0.026,41.9,9.862E+00,10.389,0.088,12.3,1.281E+00,9.077,null,-3.1,9.590E-01,1,0,0.000,0.000,0.000,0.000,7,41,138,39,ddh0,3,441n,AAAU,0011,45,45,45,45,13,20,0,20
J002413.00-720648.6,6.0541693,-72.1135220,00h24m13.00s,-72d06m48.68s,0.1594,0.2041,-0.0943,9.434,0.082,13.2,3.730E+00,9.663,0.249,4.4,1.332E+00,9.627,0.216,5.0,8.671E-01,8.057,null,-1.7,9.009E-01,2,1,0.762,0.132,0.000,0.000,null,null,null,null,ddH0,3,nnnn,ABBU,0011,39,44,40,45,14,20,0,20
J002430.84-720704.5,6.1285087,-72.1179410,00h24m30.84s,-72d07m04.59s,0.0372,0.0378,0.0093,9.339,0.023,47.3,4.068E+00,9.619,0.021,52.3,3.288E+00,9.630,0.057,18.9,9.155E-01,9.252,null,-1.4,9.897E-01,1,0,0.000,0.000,0.000,0.000,0,32,0,33,ddh0,3,021n,AAAU,0011,44,44,44,44,20,20,0,20
J002338.16-720439.4,5.9090191,-72.0776305,00h23m38.16s,-72d04m39.47s,0.0366,0.0364,0.0105,10.230,0.020,55.4,3.710E+01,10.836,0.022,49.7,9.975E+00,11.205,0.144,7.5,8.619E-01,8.859,null,-0.6,8.038E-01,1,0,0.000,0.000,0.000,0.000,362,34,-709,34,dd00,3,44nn,AABU,0011,44,44,44,44,5,20,0,20
J002426.26-720605.3,6.1094431,-72.1014801,00h24m26.27s,-72d06m05.33s,0.0718,0.0698,-0.0110,10.334,0.033,32.7,3.773E+01,11.110,0.039,27.6,1.671E+01,11.610,0.318,3.4,8.689E-01,9.213,null,-1.1,9.619E-01,1,0,0.000,0.000,0.000,0.000,130,54,244,52,dhd0,3,24nn,AABU,0011,44,44,44,44,3,21,0,21
J002358.19-720549.2,5.9924722,-72.0970041,00h23m58.19s,-72d05m49.21s,0.0344,0.0345,0.0067,6.045,0.085,12.8,1.324E+01,6.414,0.022,48.5,2.991E+00,6.043,0.017,65.7,9.612E-01,5.633,0.043,25.0,1.479E+00,1,0,0.185,0.108,0.000,0.000,55,28,-6,29,ddd0,3,3011,AAAA,0011,43,43,43,43,20,20,20,20
J002340.51-720619.2,5.9188220,-72.1053554,00h23m40.52s,-72d06m19.28s,0.0438,0.0451,0.0074,10.480,0.025,43.4,3.717E+01,11.156,0.024,45.8,1.086E+01,11.848,0.257,4.2,1.010E+00,8.890,null,-1.5,8.934E-01,1,0,0.000,0.000,0.000,0.000,46,40,118,40,ddd0,3,44nn,AABU,0011,43,43,43,43,3,20,0,20
J002333.95-720712.4,5.8914838,-72.1201131,00h23m33.96s,-72d07m12.41s,0.0364,0.0377,0.0081,9.377,0.023,47.3,3.896E+00,9.605,0.021,52.5,2.218E+00,9.481,0.040,27.0,8.692E-01,9.162,0.481,2.3,9.984E-01,1,0,0.000,0.000,0.000,0.000,26,32,7,33,dd00,3,210n,AAAC,0011,44,44,43,43,20,20,0,21
J002358.50-720617.1,5.9937548,-72.1047585,00h23m58.50s,-72d06m17.13s,0.0600,0.0592,0.0122,9.738,0.032,33.5,1.623E+01,10.483,0.030,35.7,9.541E+00,11.636,null,-1.7,1.732E+00,8.833,null,-4.9,8.596E-01,1,0,0.000,0.000,0.000,0.000,-290,50,395,50,ddd0,3,33nn,AAUU,0011,43,43,42,42,5,15,0,19
J002402.30-720657.3,6.0095843,-72.1159190,00h24m02.30s,-72d06m57.31s,0.1869,0.1644,0.0753,11.609,0.069,15.7,2.024E+01,15.592,null,-12.9,4.205E+01,11.443,0.216,5.0,1.140E+00,8.394,null,1.6,1.184E+00,1,0,0.000,0.000,0.000,0.000,-1968,220,1346,133,dDH0,3,3nnn,AUBU,0011,41,43,4,42,2,19,0,19
J002401.61-720301.2,6.0067293,-72.0503506,00h24m01.62s,-72d03m01.26s,0.0339,0.0341,0.0061,8.259,0.023,47.8,5.685E+01,8.363,0.019,55.9,5.050E+01,8.541,0.024,44.7,2.330E+00,9.201,null,0.2,1.033E+00,1,0,0.000,0.000,0.000,0.000,-176,30,802,30,ddh0,3,343n,AAAU,0011,47,47,47,47,22,22,0,22
J002406.86-720533.5,6.0286015,-72.0926557,00h24m06.86s,-72d05m33.56s,0.0332,0.0338,0.0042,5.777,0.143,7.6,3.312E+02,7.463,0.022,48.6,3.423E+01,7.352,0.018,61.8,1.877E+01,7.904,0.214,5.1,1.201E+00,1,0,0.246,0.000,0.000,0.000,819,35,-400,29,ddh0,3,n31n,BAAB,0011,31,39,43,43,20,20,0,20
J002337.34-720255.0,5.9056130,-72.0486274,00h23m37.35s,-72d02m55.06s,0.0547,0.0534,0.0095,10.845,0.028,38.3,6.671E+01,11.152,0.031,35.4,1.790E+01,11.622,0.185,5.9,8.826E-01,9.391,null,-0.3,1.048E+00,1,0,0.000,0.000,0.000,0.000,-1160,48,1181,54,hd00,3,33nn,AABU,0011,46,46,46,46,3,23,0,23
J002338.51-720538.2,5.9104810,-72.0939686,00h23m38.52s,-72d05m38.29s,0.0589,0.0558,0.0077,10.644,0.033,33.2,6.194E+01,11.081,0.028,39.4,3.038E+01,12.093,0.441,2.5,1.026E+00,9.019,null,-2.5,9.454E-01,2,0,0.000,0.000,0.000,0.000,205,60,528,54,dd00,3,33nn,AACU,0011,43,43,43,43,2,19,0,19
J002408.43-720451.8,6.0351521,-72.0810761,00h24m08.44s,-72d04m51.87s,0.0312,0.0303,-0.0034,2.798,0.162,6.7,3.520E+01,3.919,0.077,14.1,1.318E+02,5.824,0.018,61.3,5.789E+01,5.125,0.041,26.3,1.285E+01,1,0,0.286,0.126,0.000,0.000,-619,24,-1875,24,ddd0,3,3n41,BAAA,0011,41,42,44,44,20,20,20,20
J002341.68-720502.2,5.9236675,-72.0839658,00h23m41.68s,-72d05m02.28s,0.0495,0.0439,0.0032,9.588,0.026,41.4,1.569E+01,9.933,0.025,42.6,9.809E+00,10.193,0.062,17.5,1.787E+00,8.829,null,-1.6,8.375E-01,2,0,0.000,0.000,0.000,0.000,-66,38,-63,37,dd00,3,440n,AAAU,0011,44,44,44,44,18,20,0,20
J002356.33-720447.9,5.9847159,-72.0799830,00h23m56.33s,-72d04m47.94s,0.0436,0.0420,0.0050,7.890,0.028,38.5,3.949E+01,7.986,0.023,47.4,2.509E+01,8.025,0.027,40.5,4.808E+00,8.256,0.331,3.3,7.812E-01,3,0,0.000,0.000,0.000,0.000,-445,33,624,32,ddd0,3,132n,AAAB,0011,32,43,42,42,20,20,1,21
J002344.92-720534.4,5.9371744,-72.0928903,00h23m44.92s,-72d05m34.41s,0.0465,0.0451,-0.0030,9.035,0.027,40.0,6.536E+00,9.214,0.025,42.7,3.536E+00,9.150,0.035,31.2,9.372E-01,9.083,null,-1.2,9.294E-01,2,0,0.000,0.000,0.000,0.000,45,45,130,41,ddd0,3,300n,AAAU,0011,43,43,43,43,20,20,0,20
J002351.03-720717.4,5.9626339,-72.1215192,00h23m51.03s,-72d07m17.47s,0.0622,0.0610,0.0051,10.794,0.030,36.7,1.149E+01,11.635,0.036,30.0,1.168E+01,11.673,null,0.5,9.189E-01,9.056,null,-1.9,1.007E+00,1,0,0.000,0.000,0.000,0.000,-17,56,193,54,ddh0,3,34nn,AAUU,0011,44,44,43,43,2,20,0,20
J002340.92-720405.7,5.9205092,-72.0682654,00h23m40.92s,-72d04m05.76s,0.0341,0.0356,0.0051,6.973,0.033,33.0,4.129E+00,7.250,0.020,54.5,3.709E+00,7.168,0.019,57.1,1.240E+00,7.314,0.124,8.7,9.609E-01,2,0,0.131,0.001,0.000,0.001,117,30,181,31,dhd0,3,0110,AAAB,0011,43,43,43,43,21,21,10,21
J002348.99-720312.9,5.9541288,-72.0536025,00h23m48.99s,-72d03m12.97s,0.0240,0.0240,0.0059,6.823,0.019,56.5,1.082E+01,7.128,0.014,76.6,1.338E+01,7.201,0.015,71.5,2.601E+00,7.276,0.133,8.2,9.052E-01,1,0,0.120,0.000,0.000,0.000,414,26,-651,26,ddd0,3,3410,AAAB,0011,45,45,44,44,21,21,9,21
J002355.67-720624.8,5.9819597,-72.1068919,00h23m55.67s,-72d06m24.81s,0.0452,0.0458,0.0096,9.011,0.025,42.7,2.516E+01,9.598,0.026,42.3,1.553E+01,9.750,0.068,16.0,1.121E+00,8.834,null,-1.5,9.698E-01,1,0,0.000,0.000,0.000,0.000,-129,63,-271,42,ddd0,3,341n,AAAU,0011,42,42,42,42,19,19,0,19
J002407.91-720509.6,6.0329906,-72.0860232,00h24m07.92s,-72d05m09.68s,0.0286,0.0280,0.0044,3.458,0.168,6.5,4.304E+01,4.482,0.071,15.3,3.143E+02,6.089,0.016,67.3,3.325E+01,5.591,0.052,20.9,8.634E+00,1,0,0.285,0.120,0.000,0.000,1038,26,-578,26,ddd0,3,3n20,BAAA,0011,43,43,43,43,20,20,20,20
J002400.52-720633.7,6.0021810,-72.1093825,00h24m00.52s,-72d06m33.78s,0.0617,0.0483,0.0140,9.554,0.030,36.3,2.043E+01,10.324,0.031,35.3,5.196E+01,11.236,0.182,6.0,3.925E+00,8.352,null,-3.1,1.199E+00,2,0,0.000,0.000,0.000,0.000,280,40,-13,42,ddh0,3,353n,AABU,0011,43,43,43,43,5,19,0,19
J002413.32-720721.7,6.0555108,-72.1227130,00h24m13.32s,-72d07m21.77s,0.0732,0.0712,-0.0086,10.553,0.034,32.2,2.328E+01,11.066,0.040,27.1,1.212E+01,11.203,0.181,6.0,7.973E-01,9.274,null,-5.2,1.012E+00,2,0,0.000,0.000,0.000,0.000,132,55,-203,53,ddH0,3,34nn,AABU,0011,43,43,43,43,6,19,0,19
