ra,dec,objId,psfMag_u,psfMag_g,psfMag_r,psfMag_i,psfMag_z
229.01960271789,-0.112644030210996,1.23764872125218842E18,21.59099,20.56381,20.24503,20.07441,20.0823
229.02524605008,-0.110459038125658,1.23764872125218842E18,21.88759,20.69313,20.35528,20.2246,20.3553
229.02378946564,-0.115928437264232,1.23764872125218842E18,18.91003,17.65295,17.32726,17.18808,17.1499
229.02710731626,-0.108493903676729,1.23764872125218842E18,19.47492,18.11931,17.56171,17.31107,17.23
229.02003065038,-0.107673739946963,1.23764872125218842E18,19.87885,18.42073,17.77002,17.48834,17.364
229.02468225878,-0.114746072975725,1.23764872125218842E18,21.33983,20.54658,20.06174,19.90592,19.935
229.02718719126,-0.11693358798917,1.23764872125218842E18,18.9454,16.94097,16.12521,15.78053,15.5988
229.02137825997,-0.1173893707638,1.23764872125218842E18,24.2363,21.37432,19.92859,19.23557,18.88
229.01826504358,-0.116942768647371,1.23764872125218842E18,21.50969,20.53183,20.23704,20.06702,20.0816
229.0288339373,-0.106398584838103,1.23764872125218842E18,21.6842,20.57229,20.20944,20.11347,20.2433
229.01511271845,-0.112878960349711,1.23764872125218842E18,21.73272,20.70937,20.37205,20.18502,20.3954
229.01355988881,-0.108622393748343,1.23764872125218842E18,22.0526,20.80145,20.47378,20.35491,20.3899
229.02609935935,-0.10706382998906,1.23764872125218842E18,17.0474,15.84431,15.39187,15.23009,15.1847
229.01696078999,-0.104750284459583,1.23764872125219021E18,22.41762,21.43462,21.14908,21.04497,20.9566
229.01316624617,-0.121244888309028,1.23764872125218842E18,21.97691,19.47063,18.06896,17.02855,16.4766
229.01505071086,-0.121378613093792,1.23764872125218842E18,19.83641,18.29333,17.63926,17.36036,17.2119
229.01414448789,-0.103697429109431,1.23764872125218842E18,25.03555,21.50108,19.97282,18.77776,18.1507
229.02353496642,-0.101304612404523,1.23764872125218842E18,20.64041,19.50923,19.33678,19.31575,19.2464
229.0124223945,-0.110102518980999,1.23764872125218842E18,21.24058,19.94094,19.34969,19.12835,19.0905
229.02012716719,-0.122839771925451,1.23764872125218842E18,21.35583,19.95556,19.42261,19.19965,19.0958
229.02286968127,-0.102407164198433,1.23764872125218842E18,21.57027,20.45296,19.92873,19.74059,19.882
229.03525544463,-0.109778217487182,1.23764872125218842E18,21.67646,20.76722,20.51266,20.46658,20.2994
229.02504131717,-0.122193041270341,1.23764872125218842E18,21.43636,20.40907,20.02327,19.88754,19.8699
229.01102475598,-0.11853176798163,1.23764872125218842E18,21.61703,20.53669,20.14825,19.97353,19.9069
229.03104742418,-0.105400499845507,1.23764872125218842E18,21.74415,20.59888,20.16229,20.12599,19.9285
229.02457026119,-0.098669143945771,1.23764872125218918E18,23.0843,22.15344,21.6806,21.63917,21.5608
229.02629635654,-0.099675527168963,1.23764872125218918E18,24.4388,23.04193,22.92631,22.21465,23.1716
229.03221152328,-0.113331737602863,1.23764872125219098E18,23.12952,22.29252,21.68084,21.59724,22.2409
229.03488691665,-0.112974502941051,1.23764872125219098E18,23.67873,22.83234,22.49551,23.4037,21.8364
229.03398742857,-0.112533970868818,1.23764872125219098E18,23.94235,22.89604,22.72663,22.27666,22.0292
229.00463854546,-0.107307714000965,1.23764872125218842E18,15.1973,13.70881,13.19486,12.9929,12.8703
229.00761168077,-0.102165095841144,1.23764872125218842E18,23.26772,20.85573,19.41535,18.60715,18.1671
229.03760616356,-0.108536512715784,1.23764872125218842E18,20.87191,19.603,19.03115,18.82333,18.6918
229.00900975052,-0.108526544261429,1.23764872125218842E18,22.78686,20.19794,19.83117,19.58315,19.3205
229.00851586394,-0.117001828265517,1.23764872125218842E18,21.3268,20.15751,19.8375,19.71516,19.729
229.0402853858,-0.109889999226411,1.23764872125218842E18,21.70827,20.52773,20.02927,19.88938,19.9287
229.00560878862,-0.108580064432921,1.23764872125218842E18,24.63507,21.99325,20.46491,20.1096,22.8271
229.00804070907,-0.116664197410051,1.23764872125218842E18,21.96107,21.15096,20.85925,20.72971,20.6177
229.00773425026,-0.117579241774774,1.23764872125218842E18,21.72424,20.52674,20.00842,19.86788,19.7892
229.00837615566,-0.108545946249617,1.23764872125218842E18,22.14288,21.56947,24.80214,24.36179,20.6354
229.02107045323,-0.128535394306445,1.23764872125218842E18,21.60453,20.51872,20.05864,19.86879,19.8189
229.03619358803,-0.116246252526505,1.23764872125218842E18,21.73736,20.53587,20.16928,20.02719,19.9555
229.03498492949,-0.124060320643761,1.23764872125218842E18,21.79373,20.58137,20.20426,20.07095,20.0638
229.03742778397,-0.116053656999874,1.23764872125218842E18,21.874,20.71731,20.25001,20.15395,20.1042
229.03113804926,-0.100882453609268,1.23764872125218842E18,21.67516,20.65322,20.30685,20.19017,20.2037
229.03368214403,-0.104580103285365,1.23764872125218842E18,21.78118,20.74544,20.3324,20.26382,20.3702
229.03134800282,-0.126168205053178,1.23764872125218842E18,21.86189,20.71622,20.38121,20.23293,20.1209
229.02308715877,-0.127621817091795,1.23764872125218842E18,21.62575,21.41067,20.44486,20.32817,20.0786
229.01820050717,-0.096755231955044,1.23764872125218842E18,21.747,20.66816,20.3811,20.22835,20.1486
229.02002683817,-0.129683849894183,1.23764872125218842E18,21.90738,20.87351,20.57235,20.47822,20.5284
229.01629688806,-0.125231670001927,1.23764872125218918E18,21.22433,20.16208,19.80821,19.69478,19.7481
229.01467568115,-0.126852124093039,1.23764872125218918E18,21.75727,21.01485,20.71357,20.64609,20.6622
229.01809077792,-0.125235899211618,1.23764872125218918E18,24.25034,22.32568,22.03451,21.94518,22.7056
229.01746386867,-0.124565303129696,1.23764872125218918E18,23.25939,22.48495,22.24216,21.91217,21.399
229.02489782789,-0.09761068613388,1.23764872125218918E18,20.33031,18.91642,18.32251,18.06131,17.9452
229.01558060539,-0.09434036506663,1.23764872125219021E18,22.28496,21.20784,20.90887,20.8789,20.561
229.02840768593,-0.095325117569246,1.23764872125219021E18,22.09708,20.95869,20.63073,20.49586,20.1116
229.02711943532,-0.096139833100983,1.23764872125219021E18,22.69708,21.82607,21.38241,21.53652,21.4406
229.02126218083,-0.094775965938196,1.23764872125219098E18,22.92086,21.71239,21.38506,21.06907,21.0421
229.02534551561,-0.0947368834207,1.23764872125219098E18,22.98,22.22684,21.83383,21.51385,20.9429
229.03606653255,-0.113514728237305,1.23764872125219098E18,23.48745,22.33452,22.0182,21.88723,21.62
229.01037880399,-0.120532465282711,1.23764872125219123E18,23.43029,23.7532,22.58166,23.21767,22.1668
229.03468681416,-0.127227854068541,1.23764872125218842E18,19.43815,17.77259,17.07081,16.77728,16.6142
229.00076652437,-0.106377129171779,1.23764872125218842E18,18.85461,17.5899,17.52067,17.52022,17.5652
229.03326448947,-0.127979864781467,1.23764872125218842E18,18.92913,17.69524,17.30553,17.15041,17.0863
229.03361948885,-0.126892859297355,1.23764872125218842E18,24.86356,21.15469,19.62343,17.88228,16.9199
229.04133081853,-0.11074763260694,1.23764872125218842E18,20.67487,19.28336,18.65695,18.40665,18.3398
229.00658632406,-0.125841111915903,1.23764872125218842E18,21.09972,19.87564,19.30558,19.06964,18.9661
229.00047502904,-0.113131300272849,1.23764872125218842E18,21.61407,20.29183,19.73653,19.54318,19.449
229.03947916045,-0.123855519321867,1.23764872125218842E18,21.72487,20.45709,20.00695,19.82632,19.7893
229.00275828973,-0.11132352590502,1.23764872125218842E18,21.82024,22.9123,22.24715,21.72678,19.6911
229.00142194936,-0.115370084415979,1.23764872125218842E18,21.74837,20.57077,20.19182,20.08326,20.7083
229.04034285393,-0.114575083484135,1.23764872125218842E18,21.57431,20.74981,20.38104,20.29582,20.2171
229.01803215482,-0.130940281118963,1.23764872125218842E18,24.56248,22.06366,20.74185,20.15216,20.02
229.03095344429,-0.131144999922719,1.23764872125218842E18,22.02845,21.53728,21.51617,20.45309,21.1023
229.0441036746,-0.106122814264712,1.23764872125218842E18,21.89099,20.83081,20.55078,20.44544,20.2342
229.00286889497,-0.117696584969094,1.23764872125218842E18,21.8018,20.89282,20.56873,20.44763,20.5604
229.00552138059,-0.099662824656713,1.23764872125218918E18,21.40162,20.4499,20.08501,20.0007,19.9715
229.00502402311,-0.100936680911233,1.23764872125218918E18,21.69572,20.5691,20.17299,19.97332,20.0436
229.00480441842,-0.101475735437683,1.23764872125218918E18,22.17244,21.1154,20.81299,20.69502,20.7544
229.00168041036,-0.10196662620338,1.23764872125218918E18,22.41634,21.5738,21.2365,21.02398,21.0881
229.00613996085,-0.099203698521896,1.23764872125218918E18,23.90072,22.26639,21.76241,21.57414,21.1965
229.00351484572,-0.101206552831666,1.23764872125218918E18,24.37988,22.87584,22.27848,21.99117,23.0184
229.00521197125,-0.09717869059326,1.23764872125218918E18,24.43967,23.45599,22.94532,22.52371,22.3823
229.01076192758,-0.0938391518875,1.23764872125218918E18,21.02898,19.74381,19.19372,18.95729,18.8633
229.00874974611,-0.09458830227098,1.23764872125218918E18,23.43274,21.62357,21.21253,21.26681,20.873
229.01394283258,-0.0924429965634,1.23764872125218918E18,23.31841,21.79337,21.48744,21.25976,21.7773
229.00722705435,-0.095822253806569,1.23764872125218918E18,23.48222,21.87383,21.50227,21.39533,20.9524
229.01199144275,-0.091759480780245,1.23764872125218918E18,23.77699,22.3324,22.16406,21.94879,22.1323
229.00926938705,-0.095701873890653,1.23764872125218918E18,24.6311,22.67154,22.05841,22.14989,23.1343
229.01273648878,-0.091398414253212,1.23764872125218918E18,23.79885,22.61973,22.12453,22.0996,21.3636
229.01240921127,-0.093816632929578,1.23764872125218918E18,24.357,23.29119,22.67287,22.79813,21.8902
229.00873693739,-0.097070423902072,1.23764872125218918E18,24.89553,23.99572,22.62036,22.73447,22.4177
229.01426166126,-0.090771209984601,1.23764872125218918E18,24.48716,23.32022,23.43736,23.18205,22.705
229.01977742765,-0.133452405331456,1.23764872125218918E18,21.58834,20.498,20.12448,19.93058,19.7239
229.01792020899,-0.133662108499339,1.23764872125218918E18,24.17789,23.60536,21.87845,21.91757,21.8087
229.01378973756,-0.13189689979388,1.23764872125218918E18,23.27391,22.96171,22.75858,22.37909,22.6325
229.0323787696,-0.092416535529468,1.23764872125218918E18,21.64704,19.24241,18.18925,17.80786,17.6026
229.03246236482,-0.091891698986095,1.23764872125218918E18,21.96316,20.64995,20.21855,20.12498,20.1062
229.03157000431,-0.091039604511829,1.23764872125218918E18,22.11511,21.06926,20.82339,20.6425,20.5917
229.03101353454,-0.092622826653264,1.23764872125218918E18,22.33334,21.26432,20.96659,20.77371,21.151
229.03879200919,-0.097888785345861,1.23764872125218944E18,19.86304,17.4688,16.35036,15.92355,15.6819
229.03805787506,-0.099358894456984,1.23764872125218944E18,23.20949,24.97702,23.96146,22.43687,22.0323
229.04478514394,-0.109851946715327,1.23764872125218944E18,24.51762,24.62926,24.32696,22.15499,21.4319
229.0297117399,-0.094499639198572,1.23764872125219021E18,23.12895,21.34234,21.08333,20.91821,21.005
229.0355866695,-0.098341929013569,1.23764872125219021E18,21.84209,21.08637,20.70257,20.5481,20.2747
229.03882905779,-0.103156275870983,1.23764872125219021E18,21.94414,20.85041,20.62058,20.46656,20.3795
229.03980160189,-0.102185846791796,1.23764872125219021E18,22.62604,21.67236,21.3578,21.06273,21.3
229.04369688862,-0.111795518122038,1.23764872125219021E18,22.1303,20.9439,20.65436,20.46478,20.5764
229.00488042972,-0.118752435081583,1.23764872125219072E18,24.98242,22.88579,22.5301,22.22716,22.0262
229.01145132004,-0.131540396050623,1.23764872125219098E18,22.58879,21.98039,21.66409,21.44436,20.7927
229.01084795549,-0.129426911325291,1.23764872125219098E18,24.20015,22.78444,22.30943,22.00121,21.5174
229.01473758917,-0.130232106205452,1.23764872125219098E18,24.04789,22.89849,22.34915,22.2991,22.1178
229.01782829629,-0.091529025439745,1.23764872125219098E18,24.60937,22.96107,23.05068,22.92677,22.558
229.02221190335,-0.088724075369615,1.23764872125219098E18,23.1286,22.44402,22.07594,21.68747,21.7405
229.02253226676,-0.133786295934833,1.23764872125219098E18,24.26233,22.83,23.05095,22.46934,21.8837
229.02300185264,-0.132048779769453,1.23764872125219098E18,23.851,23.37406,23.0409,22.84568,23.0305
229.0244441413,-0.092401843722997,1.23764872125219098E18,23.74373,22.954,22.97432,22.51498,21.7272
229.02854674033,-0.091118437679409,1.23764872125219098E18,23.11543,22.14809,21.79651,21.69871,21.3529
229.02749825093,-0.091179987845174,1.23764872125219098E18,24.23094,22.83497,22.09757,22.07533,21.7922
229.02644160953,-0.091420377976043,1.23764872125219098E18,24.48934,22.86051,22.20702,22.47098,21.949
229.02795346431,-0.091427046940277,1.23764872125219098E18,23.87334,22.72696,22.3096,22.18161,22.5272
229.03602227078,-0.094427971957227,1.23764872125219098E18,25.43003,23.27219,23.06972,22.46312,21.7903
229.03784594325,-0.095155894704858,1.23764872125219098E18,23.99188,22.6103,22.07398,22.23634,21.3236
229.04177029845,-0.102619405888755,1.23764872125219098E18,23.05434,22.79144,22.25739,22.06479,21.5175
229.0158350831,-0.089862791312772,1.23764872125219123E18,24.40845,24.27652,22.74685,21.91028,21.0573
228.99995573439,-0.093600143189125,1.23764872125218842E18,21.63447,20.63305,20.38862,20.38314,20.2934
229.03609233735,-0.134221476047262,1.23764872125218842E18,18.67714,16.4671,15.5842,15.2009,15.0072
229.03054960783,-0.132590216543828,1.23764872125218842E18,22.28269,19.68493,18.27493,17.6286,17.2583
229.03879098718,-0.134455117614833,1.23764872125218842E18,21.22175,19.9402,19.42344,19.12659,19.1523
229.04139691133,-0.132779103023888,1.23764872125218842E18,21.26085,19.93561,19.38116,19.13872,19.0094
229.03021724555,-0.133094410482062,1.23764872125218842E18,21.98015,20.50445,20.3228,20.24754,19.9954
228.99934212086,-0.104407076219557,1.23764872125218842E18,21.53485,20.3524,19.81586,19.57608,19.4903
229.04550239329,-0.121154392872946,1.23764872125218842E18,24.4014,21.75243,20.34847,19.59245,19.12
229.04371201291,-0.125676458835074,1.23764872125218842E18,21.72277,20.46973,20.02448,19.85954,19.8994
229.03634374778,-0.135235949689482,1.23764872125218842E18,22.95305,23.41284,21.1638,22.50006,22.3863
229.0305169654,-0.134302573105848,1.23764872125218842E18,21.57011,20.52638,20.13999,19.96048,19.9478
228.99836869447,-0.128180544250505,1.23764872125218842E18,21.58249,20.4915,20.12384,20.01151,19.7849
228.99648392398,-0.11738531701707,1.23764872125218842E18,22.46161,21.23939,20.40975,19.91004,19.6316
229.02394551733,-0.136607043685121,1.23764872125218842E18,21.6972,20.66076,20.2639,20.02031,20.0284
229.03928450001,-0.133891659544012,1.23764872125218842E18,23.16941,21.28148,21.10943,20.84877,21.065
229.03344650668,-0.132785788561652,1.23764872125218842E18,22.30864,20.85369,20.40813,20.1915,20.0792
228.99666709309,-0.116684329363252,1.23764872125218842E18,22.09001,21.03013,20.69469,20.57135,21.1865
229.00835545539,-0.134100568414345,1.23764872125218867E18,18.94317,16.98492,16.17309,15.821,15.6208
229.00592614016,-0.133272444300689,1.23764872125218867E18,21.98172,20.66497,20.33903,20.19378,20.265
229.00683316599,-0.13424460187127,1.23764872125218867E18,22.85466,23.23518,21.25342,20.78339,21.5855
229.00509552133,-0.13302630780259,1.23764872125218867E18,22.88993,22.19366,21.71187,21.54082,22.1575
229.00320928686,-0.133370092077421,1.23764872125218867E18,23.50246,21.94203,21.74545,21.5536,21.2601
228.99692493229,-0.097177744859648,1.23764872125218918E18,22.31421,20.30922,19.40008,19.12053,18.9165
228.99915110483,-0.096256407449842,1.23764872125218918E18,21.79445,20.59945,20.2257,20.11839,19.9665
228.99805727243,-0.096137863935774,1.23764872125218918E18,22.06963,21.32648,21.19603,21.10616,21.2455
228.99704191472,-0.109417740197998,1.23764872125218918E18,21.90179,19.41272,18.00936,17.2813,16.8765
228.99908657883,-0.108662894138343,1.23764872125218918E18,22.30603,21.5845,21.23745,21.09908,21.5215
229.00132520309,-0.099985137052168,1.23764872125218918E18,19.71015,18.20222,17.57294,17.29277,17.1383
229.00280819226,-0.097897264773024,1.23764872125218918E18,20.99383,20.11782,19.93851,19.84764,19.8153
229.00213959329,-0.096585844171547,1.23764872125218918E18,22.67492,21.19875,20.91389,20.82866,20.842
229.000762012,-0.100829159095705,1.23764872125218918E18,22.23065,21.45942,21.11569,20.89666,20.7843
229.0023813987,-0.095054544431554,1.23764872125218918E18,23.85806,23.19524,22.78339,22.36602,22.0129
229.01083844192,-0.089395490238509,1.23764872125218918E18,19.87995,18.33342,17.67616,17.38407,17.2471
229.00942261361,-0.090028969240702,1.23764872125218918E18,21.89247,21.07604,20.55218,20.35271,20.4097
229.00966435719,-0.091050043497546,1.23764872125218918E18,24.45334,21.29475,20.93002,20.88274,21.9351
229.01803152944,-0.135464677220618,1.23764872125218918E18,21.05633,20.24134,19.88263,19.64733,19.4846
229.01923623633,-0.135279129879201,1.23764872125218918E18,23.24282,21.97226,21.45287,21.32095,21.6953
229.01364235859,-0.133750338911725,1.23764872125218918E18,23.20767,21.97019,21.6668,21.42495,22.1299
229.01661268006,-0.13356810611004,1.23764872125218918E18,24.21214,24.05012,23.7191,22.16023,22.7072
229.01483143733,-0.136117638538813,1.23764872125218918E18,24.03696,22.54393,22.7119,22.1084,22.3421
229.01663742339,-0.13504744615336,1.23764872125218918E18,23.88203,22.9814,22.66251,22.56209,22.9114
229.01390117261,-0.134691829524649,1.23764872125218918E18,22.21983,20.34283,19.59188,19.29193,19.0979
229.0231532401,-0.083886378924351,1.23764872125218918E18,20.03101,18.6393,18.05609,17.81319,17.6924
229.02511253138,-0.082766061559782,1.23764872125218918E18,23.93619,21.66547,20.80624,20.45924,20.6702
229.01783903432,-0.083643422413188,1.23764872125218918E18,22.45179,21.63408,21.40369,21.34449,21.4008
229.01856710854,-0.083738921033021,1.23764872125218918E18,24.37269,22.30939,21.9158,22.09422,21.8061
229.02432389476,-0.082545478658234,1.23764872125218918E18,23.90675,22.37692,21.94963,21.9488,21.9736
229.02111507045,-0.082476471621843,1.23764872125218918E18,24.78244,25.21138,23.8787,21.67993,20.8697
229.01860525059,-0.083124817285008,1.23764872125218918E18,23.71596,22.68326,22.14234,22.088,22.6301
229.02009407488,-0.082464160838553,1.23764872125218918E18,25.22651,23.52181,22.79011,22.40334,21.9322
229.03545920152,-0.086129260620075,1.23764872125218918E18,19.63814,18.199,17.57041,17.27895,17.1346
229.02667815041,-0.085876248000516,1.23764872125218918E18,21.895,19.44163,18.29436,17.81483,17.5433
229.03319276761,-0.089237803662108,1.23764872125218918E18,20.57334,19.05664,18.45146,18.22225,18.105
229.03289301165,-0.086012076492043,1.23764872125218918E18,22.07646,20.86658,20.54933,20.46745,20.3699
229.02611235945,-0.084888614211257,1.23764872125218918E18,22.32637,21.15415,20.94021,20.80013,20.7501
229.02558268146,-0.087183344753991,1.23764872125218918E18,22.18777,21.15625,20.82417,20.80273,20.5698
229.02877000946,-0.086950738592399,1.23764872125218918E18,22.28614,21.79313,21.46715,21.27218,20.9325
229.03215103821,-0.084220406839658,1.23764872125218918E18,21.93494,21.21067,20.91308,20.93411,20.8623
229.03026343369,-0.086927227026895,1.23764872125218918E18,22.15966,21.33645,20.90956,20.8139,20.7162
229.03444467471,-0.089929330050423,1.23764872125218918E18,24.2986,22.40823,21.2711,20.78107,20.2667
229.03431637042,-0.084942140180198,1.23764872125218918E18,24.08751,23.15112,21.41626,21.10745,22.2168
229.03110368538,-0.088968113274585,1.23764872125218918E18,23.61834,22.09929,21.59548,21.36828,21.4992
229.02588204269,-0.086594381140084,1.23764872125218918E18,22.74615,22.25139,21.69336,21.6169,22.2422
229.0364516031,-0.088362076282256,1.23764872125218918E18,23.52184,22.38323,21.79632,21.72947,22.3476
229.0274702659,-0.087401526333408,1.23764872125218918E18,22.99595,22.47108,22.11678,21.85046,21.2467
229.03365407969,-0.088125863956948,1.23764872125218918E18,24.16224,22.78172,22.28238,21.99477,21.9089
229.03180739797,-0.08750651602155,1.23764872125218944E18,24.2185,23.433,22.52133,22.57192,22.3322
229.04015614504,-0.089179924813078,1.23764872125218944E18,24.15322,23.07481,22.58267,22.22639,22.9053
229.03782471123,-0.086804951327151,1.23764872125218944E18,24.28042,23.05222,22.67786,22.29743,21.714
229.03714452177,-0.087217492886941,1.23764872125218944E18,23.94045,23.2671,23.40568,23.01819,21.9683
229.04425003124,-0.097124619119542,1.23764872125218944E18,21.92588,20.07894,19.23868,18.94828,18.7857
229.04374943025,-0.097385416073877,1.23764872125218944E18,22.0493,20.8182,20.54334,20.332,20.3632
229.04199332102,-0.099447973273212,1.23764872125218944E18,22.47264,21.48301,21.09693,20.87774,20.9422
229.04298115425,-0.0991124479017,1.23764872125218944E18,24.96247,24.45786,23.71142,21.81142,21.5313
229.04401958112,-0.098801777104995,1.23764872125218944E18,23.87865,22.68687,22.19184,21.99841,21.5057
229.04387898321,-0.100360394053348,1.23764872125218944E18,24.07121,22.81348,22.31148,22.32981,21.4134
229.04161864991,-0.097502974265821,1.23764872125218944E18,22.64214,22.91874,22.56256,22.17946,21.9671
229.04477830746,-0.095675477259179,1.23764872125218944E18,24.80643,23.39565,22.74055,22.74046,21.9579
229.04196911958,-0.093583816152945,1.23764872125218944E18,22.0302,20.09755,19.05535,18.63528,18.3319
229.04191034641,-0.091133471106463,1.23764872125218944E18,22.93957,21.69284,21.31704,21.09038,21.4068
229.03997567122,-0.093195008270237,1.23764872125218944E18,23.99421,22.49274,22.03874,21.59894,21.1739
229.04704685572,-0.111622459169738,1.23764872125218944E18,21.3633,20.18671,19.61442,19.36917,19.3406
229.04962322553,-0.112511035867495,1.23764872125218944E18,23.66552,23.08162,21.74145,20.18386,19.5996
229.04587114972,-0.107674040027266,1.23764872125218944E18,21.90973,20.87777,20.55464,20.42172,20.3393
229.05031788448,-0.114416085699986,1.23764872125218944E18,24.30977,22.21659,21.1026,20.62881,20.3769
229.04867446529,-0.110871588455636,1.23764872125218944E18,23.87876,21.79918,21.44588,21.27466,20.969
229.04690952567,-0.109384839449386,1.23764872125218944E18,22.57985,24.49308,24.75795,22.35491,22.3511
229.04629881141,-0.108244418525232,1.23764872125218944E18,24.03099,22.73203,22.31944,21.52905,22.2555
229.04868919422,-0.108677421661007,1.23764872125218944E18,23.93783,22.35517,21.83916,21.69051,21.4607
229.04489552338,-0.109278009383298,1.23764872125218944E18,24.93692,23.13337,22.47197,22.45759,21.7881
229.04954758316,-0.109685105075098,1.23764872125218944E18,24.81147,23.01131,22.61131,22.85684,22.6283
229.04746989818,-0.112765280414709,1.23764872125218944E18,24.54477,23.17135,24.1307,22.65807,22.3061
229.0036529727,-0.089791985600141,1.2376487212521897E18,22.36629,21.32217,20.88211,20.85798,20.9122
229.00663801594,-0.087353748797546,1.2376487212521897E18,22.88984,21.61824,21.33263,21.45234,20.7816
229.00817877785,-0.086469111096397,1.2376487212521897E18,23.84371,22.67381,22.24864,22.05946,22.5066
229.0043728533,-0.088131641327856,1.2376487212521897E18,24.59199,23.52883,22.80803,23.23323,21.9847
229.00927370538,-0.086222157036622,1.2376487212521897E18,25.54475,23.38032,23.12327,22.53216,22.296
228.99661547361,-0.113447261575465,1.23764872125218995E18,22.27659,21.26014,20.92748,20.95453,20.5533
228.99533777277,-0.111623095905932,1.23764872125218995E18,23.15238,21.85541,21.60533,21.69621,21.2402
228.99816561686,-0.120677468134738,1.23764872125218995E18,22.05541,20.7181,20.37295,20.28297,20.1311
228.99762081677,-0.121501178665916,1.23764872125218995E18,22.00866,21.2627,21.02013,20.74858,20.7551
228.9979941264,-0.119736385132115,1.23764872125218995E18,23.97931,22.49506,22.30878,22.25173,22.0409
229.00254040192,-0.091941626611912,1.23764872125218995E18,22.35249,21.66491,21.31515,21.20759,20.9435
229.01542216938,-0.084941468007421,1.23764872125218995E18,21.84885,20.95457,20.68767,20.52963,20.4542
229.01675305389,-0.087199096692388,1.23764872125218995E18,22.17971,21.36123,21.00705,20.89656,20.8145
229.01551285234,-0.087921049214626,1.23764872125218995E18,24.01657,21.99168,21.71797,21.57579,21.5917
229.01356957483,-0.087538168876973,1.23764872125219021E18,23.07219,22.29359,21.75229,21.62427,21.4862
229.0144342018,-0.087074478773497,1.23764872125219021E18,24.12946,22.55549,22.504,22.0774,22.0205
229.01856797458,-0.08739916820021,1.23764872125219021E18,24.37283,22.46337,22.02616,21.79551,21.5128
229.01794111042,-0.085957697725032,1.23764872125219021E18,23.55113,22.53819,22.08403,22.00307,21.5674
229.01932382936,-0.087082981989557,1.23764872125219021E18,24.23237,22.56097,22.16056,22.40203,21.7825
229.01897056744,-0.088203483337827,1.23764872125219021E18,24.59064,23.52522,24.10367,22.90573,21.7113
229.04786935015,-0.114812184442117,1.23764872125219021E18,21.81307,20.80833,20.47763,20.35673,20.4025
228.99930311869,-0.110764781145111,1.23764872125219072E18,23.32253,23.28501,22.96431,22.52972,21.6247
229.0065876617,-0.090800449754542,1.23764872125219072E18,22.83859,21.85948,21.48173,21.316,21.1486
229.00651418459,-0.131252498172651,1.23764872125219072E18,23.03433,22.24063,21.80455,21.54167,21.2094
229.0101169378,-0.130867882883209,1.23764872125219098E18,23.43656,23.39156,22.54183,23.20484,22.5452
229.01915944717,-0.138661386403711,1.23764872125219098E18,23.34367,22.80424,22.23515,21.86518,21.6889
229.01815134313,-0.139542267619032,1.23764872125219098E18,24.39945,22.97883,22.06476,21.96022,23.2898
229.02005869479,-0.138457902848565,1.23764872125219098E18,23.71754,22.86992,22.60014,23.36485,21.7478
229.02245992302,-0.139123719622954,1.23764872125219098E18,23.60936,23.21246,23.11398,23.02635,23.0879
229.03790651167,-0.092033710253715,1.23764872125219098E18,22.84967,22.20625,21.70201,21.69057,21.7173
229.0488318808,-0.102684502933707,1.23764872125219098E18,23.78496,22.40659,21.79328,21.82629,21.8108
229.04684431285,-0.100567342366737,1.23764872125219098E18,22.90021,22.14341,21.63843,21.68847,21.1646
229.04872383075,-0.100235799334171,1.23764872125219098E18,24.87489,22.37794,22.0513,21.82818,22.9771
229.01538405466,-0.137946536507864,1.23764872125219123E18,24.39424,23.69077,22.63625,22.85637,23.2513
229.04903482086,-0.106653904017698,1.23764872125219123E18,24.74756,23.38482,22.5193,22.29104,22.2061
229.02807998879,-0.136538828589936,1.23764872125219149E18,25.27488,23.69481,23.23155,21.75807,20.9332
228.98645267779,-0.100121018823405,1.23764872125218842E18,22.44617,21.51291,21.17473,20.90976,20.7121
228.98841950355,-0.114778644747963,1.23764872125218842E18,19.00021,17.78579,17.62191,17.57288,17.5448
228.99018368585,-0.119460176482281,1.23764872125218842E18,21.08026,19.79602,19.19583,18.98755,18.8749
228.98735965737,-0.113101687590836,1.23764872125218842E18,22.36921,21.39558,20.93444,20.76661,20.4085
228.98770706579,-0.109640030605285,1.23764872125218842E18,22.19934,21.49473,21.14699,21.165,20.8428
228.99236407164,-0.116723179152856,1.23764872125218842E18,23.34718,22.20932,21.83805,21.35682,22.4276
228.98927579278,-0.118483017962446,1.23764872125218842E18,23.5078,22.17939,21.79545,21.78723,21.3955
228.98829280942,-0.11152017737747,1.23764872125218842E18,24.40516,22.15535,21.83162,21.84702,22.4291
228.99129814321,-0.114600823768155,1.23764872125218842E18,23.9792,25.03934,24.61338,21.70142,21.0665
228.98865957684,-0.117819959038085,1.23764872125218842E18,23.05315,22.49953,22.1797,21.95297,21.9153
228.99060436841,-0.116650724232797,1.23764872125218842E18,24.37312,25.4067,23.99549,22.44014,20.7741
228.9907954865,-0.117993619112328,1.23764872125218842E18,23.70939,22.96277,22.24109,22.2782,22.7909
228.99058673984,-0.113733069126366,1.23764872125218842E18,24.69851,23.23365,22.84548,22.82343,21.8351
228.9883857521,-0.116911956093919,1.23764872125218842E18,24.95661,23.3108,23.56881,23.72794,22.1954
228.99268675753,-0.096572470354568,1.23764872125218842E18,18.774,17.52685,17.40286,17.3867,17.3878
228.99085822875,-0.098240602183735,1.23764872125218842E18,18.83738,17.93111,17.57773,17.4502,17.3688
228.98934540837,-0.094133699976342,1.23764872125218842E18,21.34898,20.43267,20.08495,19.89987,19.8107
228.98866086181,-0.093953549013516,1.23764872125218842E18,21.59631,20.75279,20.39094,20.2837,20.2712
228.99091226767,-0.093771003217946,1.23764872125218842E18,24.70267,22.87035,22.27472,22.38397,22.5472
228.99430271255,-0.097533939217925,1.23764872125218842E18,25.44005,22.95829,22.48881,22.09843,22.5051
228.99537293787,-0.088112666978507,1.23764872125218842E18,18.39861,16.13996,15.21761,14.81678,14.5888
228.99636834,-0.089750580826126,1.23764872125218842E18,18.92638,17.6854,17.36786,17.25086,17.2042
229.00032344437,-0.087210697580788,1.23764872125218842E18,20.61971,19.28908,18.68851,18.42601,18.3041
228.99360453412,-0.086541714921348,1.23764872125218842E18,21.5506,20.10973,19.53069,19.30383,19.1984
228.9995914069,-0.091218995237721,1.23764872125218842E18,21.49716,20.48529,20.33999,20.31273,20.2785
228.9967905544,-0.093194052336745,1.23764872125218842E18,21.75037,20.51666,20.21829,20.09068,20.0557
228.99933117813,-0.085820272876751,1.23764872125218842E18,21.57316,20.64247,20.29446,20.1566,19.9657
228.99853941525,-0.091166397601412,1.23764872125218842E18,21.77766,20.91759,20.64685,20.49592,20.437
228.99462194092,-0.089327774433372,1.23764872125218842E18,23.05626,25.11451,24.80215,21.12843,21.4068
228.99581665369,-0.091311948586735,1.23764872125218842E18,23.9736,22.7373,22.32326,21.77019,21.5602
229.00450720694,-0.144396258683482,1.23764872125218842E18,23.76477,22.88772,22.16706,21.95388,21.6146
229.0452017847,-0.129305137373786,1.23764872125218842E18,18.67555,17.46474,17.5758,17.69175,17.7822
229.03448422372,-0.141654452003761,1.23764872125218842E18,20.4605,19.11806,18.54318,18.29689,18.1993
228.9930949518,-0.103174433023898,1.23764872125218842E18,20.71018,19.35106,18.76897,18.51727,18.3583
229.03326736235,-0.139352858275303,1.23764872125218842E18,20.38182,19.14236,19.18429,19.25809,19.3234
228.99659015198,-0.132108180439649,1.23764872125218842E18,21.29744,20.1974,19.69776,19.50933,19.3433
228.99209121016,-0.105106532293341,1.23764872125218842E18,21.1137,20.20486,19.89594,19.84566,19.7766
228.99683231992,-0.131679777793869,1.23764872125218842E18,23.09919,20.91021,20.52503,20.64596,20.3533
228.99320527283,-0.120124848949604,1.23764872125218842E18,24.46421,23.64193,21.83215,19.79397,18.5335
229.03523050598,-0.146955178831264,1.23764872125218842E18,21.76008,20.64744,20.32119,20.25008,20.38
229.03181378634,-0.145746800977628,1.23764872125218842E18,21.66982,20.73112,20.37457,20.32025,20.5804
229.02940230134,-0.14667436169659,1.23764872125218842E18,21.91709,20.94707,20.58401,20.40652,20.5423
228.99713032909,-0.137934834674018,1.23764872125218867E18,20.13126,17.56242,16.25091,15.56109,15.1205
228.99613342036,-0.134801963856872,1.23764872125218867E18,20.64314,19.3373,18.75628,18.52213,18.3787
228.9977888713,-0.1376467380477,1.23764872125218867E18,21.66419,20.62604,20.25174,20.59051,21.2243
229.00014532636,-0.138258885549454,1.23764872125218867E18,21.63302,20.62507,20.27168,20.17266,20.2096
229.00225602976,-0.143232288092953,1.23764872125218867E18,21.61823,20.59848,20.31673,20.35034,20.3243
229.00302543592,-0.141278916951075,1.23764872125218867E18,21.90015,20.78396,20.47373,20.33221,20.2941
229.00188986942,-0.13521320189677,1.23764872125218867E18,22.05317,20.97706,20.69289,20.43614,20.4524
229.00057682457,-0.142656389583048,1.23764872125218867E18,21.97308,21.10064,20.80829,20.62739,20.4003
229.00596387062,-0.136230170821481,1.23764872125218867E18,23.01023,23.45295,21.11819,20.81185,20.6928
229.00086015862,-0.137308793904448,1.23764872125218867E18,23.04086,21.78786,21.39934,21.18336,21.8608
228.99502393144,-0.13421856289205,1.23764872125218867E18,23.47036,22.13975,21.65991,21.57732,21.5937
229.00155264981,-0.134646059229305,1.23764872125218867E18,23.16206,22.24273,21.77625,21.67265,21.4179
229.00370014798,-0.13593186804796,1.23764872125218867E18,24.19664,22.11095,21.78673,21.44234,21.2708
228.99823875544,-0.135988758876253,1.23764872125218867E18,23.40185,22.41631,21.78394,21.76454,21.8643
229.00659242752,-0.139020965518189,1.23764872125218867E18,24.21296,22.2287,21.90335,21.50752,22.451
229.0021212705,-0.139666602801646,1.23764872125218867E18,24.50664,23.93466,22.45521,21.52667,21.2251
229.00270706054,-0.139993312167482,1.23764872125218867E18,23.88266,22.37757,21.88356,21.80339,21.509
229.00588546097,-0.138544953063104,1.23764872125218867E18,25.04447,23.37894,22.66931,23.29087,22.9961
229.00787965115,-0.138947310663749,1.23764872125218867E18,23.92759,24.16631,22.68595,23.24984,22.6655
229.00190214994,-0.138319287077528,1.23764872125218867E18,24.08475,24.8347,22.75695,23.1373,22.3606
229.02423221658,-0.074010406711073,1.23764872125218867E18,22.61919,21.13831,20.77605,20.69799,20.5502
229.02436990184,-0.07343174548259,1.23764872125218867E18,21.96296,21.15113,20.83875,20.63216,21.2075
229.04467084908,-0.138308116961553,1.23764872125218867E18,22.07794,21.18883,20.87063,20.84956,20.4625
229.04242135252,-0.141288483234287,1.23764872125218867E18,22.42729,21.28,20.96843,20.98344,20.6857
229.04453213091,-0.139135468708497,1.23764872125218867E18,22.31376,21.71195,21.48563,21.04962,21.2926
229.04302308605,-0.141921289661971,1.23764872125218867E18,24.4901,21.76651,21.46465,21.26881,21.5206
229.04786974561,-0.137566215939003,1.23764872125218867E18,23.5582,21.81072,21.45033,21.3491,21.6445
229.04687549835,-0.137363946590174,1.23764872125218867E18,24.98482,23.34312,22.7365,22.30491,21.994
229.04546293519,-0.139387972470394,1.23764872125218867E18,23.92656,23.5568,23.78262,23.10167,23.5669
229.04549342752,-0.137063447767666,1.23764872125218867E18,24.24998,24.11538,25.01834,24.66551,22.6745
229.05128267869,-0.118465847061606,1.23764872125218867E18,18.88312,17.64021,17.32566,17.19323,17.1741
229.05334800699,-0.119409353597512,1.23764872125218867E18,21.78622,20.75627,20.35763,20.2638,20.2546
229.05450890584,-0.120890179449312,1.23764872125218867E18,22.19765,20.95714,20.63684,20.46413,20.4981
229.05127026715,-0.119563250384715,1.23764872125218867E18,22.39777,22.88448,21.22288,20.92791,22.0385
229.05672924513,-0.121631208470764,1.23764872125218867E18,22.92276,21.59288,21.30159,21.19224,21.1219
229.05230897443,-0.121322232544331,1.23764872125218867E18,23.45738,22.59147,22.42037,21.85007,22.0554
229.05484189828,-0.122894298184441,1.23764872125218867E18,21.9421,20.74881,20.35183,20.20845,20.1789
229.05212760328,-0.090276209035929,1.23764872125218867E18,18.68728,17.50745,17.02125,16.85893,16.8082
229.05395871641,-0.092262783048094,1.23764872125218867E18,21.83442,20.68625,20.31864,20.17919,20.1674
229.05022828925,-0.089072651193131,1.23764872125218867E18,24.06053,22.89161,22.2879,22.10908,21.7532
228.99010289554,-0.091016297328486,1.23764872125218893E18,23.95096,24.48709,22.77331,21.27,20.306
228.9893849266,-0.091952687594834,1.23764872125218893E18,25.04469,23.12243,22.75724,22.68784,22.5495
228.98628912932,-0.121579387062598,1.23764872125218893E18,21.45045,20.12902,19.60531,19.37704,19.2052
228.98901288404,-0.129149688996971,1.23764872125218893E18,21.53988,20.52072,20.16417,19.99875,19.9646
228.98815748756,-0.124902205237827,1.23764872125218893E18,23.13368,21.42385,21.13934,20.99266,21.2973
228.98739506518,-0.126119139623926,1.23764872125218893E18,23.47728,21.68216,21.20037,21.22423,21.1012
228.98896345557,-0.123742898172861,1.23764872125218893E18,24.93224,23.05984,22.22051,22.42542,22.9728
228.99060284275,-0.122813931577731,1.23764872125218893E18,23.21948,23.07965,22.37766,22.82756,22.1317
228.99029108091,-0.107440576653686,1.23764872125218918E18,20.80431,19.68921,19.16407,18.97198,18.8646
228.98789069517,-0.107269591273413,1.23764872125218918E18,24.60027,23.0654,21.66667,20.30833,19.6034
228.99023867361,-0.110566236844346,1.23764872125218918E18,23.23021,22.4355,22.03111,21.76177,21.9369
228.98610119684,-0.106377377634417,1.23764872125218918E18,25.09529,22.9759,22.3271,23.16067,22.6788
228.98941032067,-0.108079097897467,1.23764872125218918E18,24.36772,23.63424,23.55855,22.57861,22.6461
228.99026155345,-0.109049296331584,1.23764872125218918E18,25.37127,23.27913,22.80238,22.82236,22.4074
228.99605280438,-0.084016943135657,1.23764872125218918E18,20.49246,19.23272,18.71462,18.51265,18.3684
229.00757894695,-0.078220561225978,1.23764872125218918E18,20.77013,19.69758,19.67302,19.75967,19.6595
229.00882768632,-0.079582060985873,1.23764872125218918E18,21.82204,20.71052,20.36455,20.33382,20.3168
229.00542421892,-0.079999654189486,1.23764872125218918E18,23.22544,21.37269,20.95818,20.89725,20.6695
229.01055062488,-0.080915002513871,1.23764872125218918E18,22.613,21.26177,20.93562,20.81048,20.6396
229.00279388864,-0.079726827016629,1.23764872125218918E18,22.60528,21.76678,21.48518,21.33948,21.8553
229.00293832732,-0.081402589493057,1.23764872125218918E18,22.3854,21.63221,21.48401,21.25174,21.3038
229.00468822619,-0.079419867787436,1.23764872125218918E18,24.21424,22.47263,21.82226,21.82463,22.7957
229.00817830045,-0.081215171797222,1.23764872125218918E18,22.98966,22.33349,21.9325,21.59551,21.8737
229.00997535862,-0.08181946910488,1.23764872125218918E18,24.29447,22.8351,22.26944,22.47684,21.5027
229.00122897013,-0.081823798417803,1.23764872125218918E18,23.57821,23.54446,23.0873,22.31231,21.9373
229.00651606737,-0.080814649499048,1.23764872125218918E18,24.69157,23.02115,22.69951,22.38087,21.2398
229.01180803954,-0.138863179446334,1.23764872125218918E18,21.09265,20.10832,19.80992,19.7488,19.8665
229.01360656137,-0.139478226423504,1.23764872125218918E18,22.05266,21.04566,20.74993,20.58851,20.6531
229.01716780504,-0.074126329704001,1.23764872125218918E18,22.65668,21.56699,21.17097,21.04568,21.3526
229.01746569817,-0.075577625637905,1.23764872125218918E18,23.7631,23.17735,22.72962,22.46502,22.7987
229.01251879588,-0.079028716771725,1.23764872125218918E18,20.50998,19.1729,18.59641,18.3373,18.2307
229.01529143737,-0.145658532661108,1.23764872125218918E18,21.66612,20.57244,20.14625,20.03674,20.0874
229.01487254405,-0.145281872611583,1.23764872125218918E18,21.86979,20.76102,20.45116,20.28701,20.1358
229.01317330964,-0.145426360271511,1.23764872125218918E18,21.59035,20.72925,20.37062,20.22484,20.2716
229.01942668104,-0.141823834130923,1.23764872125218918E18,22.56996,21.36876,21.07625,20.89879,20.8634
229.0184784018,-0.143428220534595,1.23764872125218918E18,22.35213,21.96721,21.50422,21.55928,21.4146
229.02222374768,-0.142799721076943,1.23764872125218918E18,23.35266,21.66609,21.40994,21.26759,21.2711
229.02042932737,-0.144053558398307,1.23764872125218918E18,23.92941,21.72568,21.38873,21.12226,20.9531
229.01227452869,-0.144185073464402,1.23764872125218918E18,22.87148,22.0337,21.53054,21.23406,21.9822
229.01439198869,-0.147589171738886,1.23764872125218918E18,22.53777,22.2615,22.07701,21.82321,21.3264
229.01575308425,-0.146455686576209,1.23764872125218918E18,24.56716,22.70165,22.08207,22.0539,22.1022
229.01146934453,-0.146270019385514,1.23764872125218918E18,24.89955,22.40613,21.98783,21.77374,21.6928
229.01698743421,-0.144013912973021,1.23764872125218918E18,23.99328,23.55037,22.8342,21.94392,22.2852
229.01332048349,-0.147343644174254,1.23764872125218918E18,23.94355,22.57027,22.07121,21.88186,22.3654
229.02270544828,-0.141087968159856,1.23764872125218918E18,24.91366,24.59777,22.91192,22.68083,21.9894
229.03639707595,-0.083864187704773,1.23764872125218918E18,23.61332,21.95722,21.58061,21.51951,22.2151
229.03947516179,-0.087801990553293,1.23764872125218918E18,25.15399,22.60684,22.22685,21.99599,22.5844
229.03296262909,-0.082867497213734,1.23764872125218944E18,23.79466,23.40572,22.84245,22.41586,22.596
229.03492017372,-0.082878167087905,1.23764872125218944E18,24.25252,23.87638,22.77894,22.71355,22.7983
229.05242390385,-0.114953000094958,1.23764872125218944E18,24.43881,22.10383,20.51963,19.8637,19.5549
229.04964763976,-0.1332533252144,1.23764872125218944E18,22.24815,19.37685,17.91311,17.02762,16.5464
229.05147994727,-0.133303867323315,1.23764872125218944E18,21.59579,20.36595,19.85955,19.68077,19.6029
229.05052546224,-0.132734739270885,1.23764872125218944E18,23.7018,22.33539,21.86144,21.74206,21.6378
229.05303633222,-0.132645870278332,1.23764872125218944E18,24.24966,23.80555,22.80156,22.1896,21.9745
229.05394266983,-0.126813186238535,1.23764872125218944E18,20.55381,19.13666,18.52032,18.25204,18.1433
229.05480607145,-0.12583242045054,1.23764872125218944E18,24.93378,22.85788,21.75538,21.49906,20.8572
229.05402118133,-0.12984603667236,1.23764872125218944E18,23.80779,22.10719,21.84459,21.72222,21.3475
229.05422183412,-0.128168055822336,1.23764872125218944E18,23.51923,22.93266,22.41056,22.27618,21.5976
229.05460742495,-0.111418719006684,1.23764872125218944E18,21.54819,20.38907,19.83991,19.63821,19.7032
229.05354268618,-0.112321157903889,1.23764872125218944E18,21.79763,20.79906,20.45069,20.34158,20.4988
229.05267116183,-0.111824490165539,1.23764872125218944E18,22.49355,21.5112,21.24372,20.96746,20.6403
229.05526301783,-0.11078950864922,1.23764872125218944E18,25.71391,22.95476,22.33245,22.46619,21.831
229.00483503617,-0.085025073997123,1.2376487212521897E18,24.77635,20.88143,19.67392,19.25843,19.0713
229.00491715036,-0.086678923708478,1.2376487212521897E18,21.57794,20.49124,20.03632,19.85295,19.825
229.00345080288,-0.088648041974281,1.2376487212521897E18,21.59326,20.55809,20.10632,19.93663,19.8795
229.00640043733,-0.085089200513146,1.2376487212521897E18,23.01521,22.12079,21.8838,21.5993,23.0841
229.00540807895,-0.083246779456218,1.2376487212521897E18,24.11303,22.44655,21.96469,21.78657,21.3741
229.00862526004,-0.085076066990645,1.2376487212521897E18,24.88328,23.4498,23.00119,22.36016,22.9524
229.05494854537,-0.108144053202216,1.2376487212521897E18,24.20701,22.88842,21.28112,19.42694,18.4222
229.05637393902,-0.108206799496123,1.2376487212521897E18,21.872,20.65871,20.31716,20.16249,20.2227
229.05342723044,-0.107420193379861,1.2376487212521897E18,21.95194,20.86523,20.54745,20.63227,20.803
229.05116169951,-0.106397439995197,1.2376487212521897E18,22.33249,21.26516,20.84558,20.78952,20.647
229.05764049993,-0.107391617887262,1.2376487212521897E18,22.55214,21.40149,20.93112,21.01768,21.0287
229.05177723039,-0.107761146083613,1.2376487212521897E18,22.41399,21.55314,21.41623,22.7914,22.0422
229.05340427019,-0.108767090076604,1.2376487212521897E18,24.4206,22.26488,21.76387,21.75777,22.4626
228.98811029245,-0.103260794324175,1.23764872125218995E18,22.33611,20.90426,20.41142,20.10388,19.9974
228.98631130275,-0.104044294860976,1.23764872125218995E18,23.21679,21.64243,21.21839,21.19045,21.0456
228.98992913877,-0.102192692175316,1.23764872125218995E18,23.58262,22.37331,22.1432,21.92028,21.8363
228.99239344254,-0.132839369808217,1.23764872125218995E18,21.9191,20.91528,20.61064,20.4666,20.4757
228.99354650553,-0.13242832831986,1.23764872125218995E18,24.99454,24.50115,22.63128,21.59066,21.6138
228.99133202575,-0.130366059952374,1.23764872125218995E18,25.0447,22.99496,22.54161,21.9828,21.6709
228.99154857771,-0.131116076507477,1.23764872125218995E18,24.48647,23.52688,24.15636,23.34271,23.1125
228.9924821905,-0.110355782682503,1.23764872125218995E18,22.29967,21.4238,20.93905,20.88687,20.9705
228.99361335568,-0.124309284817037,1.23764872125218995E18,21.79138,20.60385,20.19334,20.13482,20.1523
228.99525964651,-0.126746833859171,1.23764872125218995E18,22.21235,21.88332,21.50498,21.3385,21.8835
228.99377535797,-0.125304284420367,1.23764872125218995E18,23.82423,22.39087,21.98624,21.64094,22.2327
228.99225980178,-0.124879137956538,1.23764872125218995E18,24.50504,23.31879,22.20594,21.66621,20.8802
228.99277725044,-0.12720454452991,1.23764872125218995E18,23.73187,22.35716,22.11191,21.81189,21.5255
228.9934271318,-0.126377532364864,1.23764872125218995E18,23.65563,22.83405,22.42632,22.34236,22.0579
228.99480472165,-0.125092139915726,1.23764872125218995E18,23.2886,23.15521,22.77591,23.74399,22.1176
228.99282269159,-0.125619634083106,1.23764872125218995E18,24.03135,23.19314,22.68062,22.06811,21.7307
228.99879533872,-0.083070670869616,1.23764872125218995E18,22.51831,21.51492,21.14649,21.03908,20.9321
229.00778740153,-0.142417483341095,1.23764872125218995E18,21.56796,20.53856,20.19987,19.99917,19.8762
229.01536117468,-0.142472684819186,1.23764872125219021E18,22.44437,21.45904,21.06399,21.12976,20.5173
229.01587234799,-0.140959843574938,1.23764872125219021E18,22.88107,21.84838,21.38337,21.51182,22.0565
229.01385565512,-0.141562029461306,1.23764872125219021E18,24.15106,22.09089,21.66746,21.56372,21.4464
229.01806293216,-0.14869319439707,1.23764872125219021E18,22.56351,21.77505,21.35578,21.48298,21.3296
229.01734399347,-0.148570326466627,1.23764872125219021E18,22.72301,21.55522,21.24095,21.15905,21.2289
229.02179106965,-0.079593771740801,1.23764872125219021E18,22.08931,21.09694,20.71988,20.69284,20.4534
229.02503694765,-0.077112094123259,1.23764872125219021E18,21.77448,20.61377,20.20431,20.10246,19.86
229.02427985252,-0.078492522437483,1.23764872125219021E18,24.07463,22.40725,21.91416,21.71029,22.2162
229.02733152335,-0.076848759937095,1.23764872125219021E18,21.61883,20.70059,20.32802,20.1712,20.0519
229.02718988026,-0.081766654201147,1.23764872125219021E18,22.74528,21.27956,20.90491,20.95118,20.8272
229.02756544245,-0.081177732936094,1.23764872125219021E18,23.15133,21.93382,21.57429,21.4728,21.1543
229.03184443855,-0.075248903406605,1.23764872125219021E18,22.4191,21.57116,21.24003,21.22842,21.3289
229.03113570079,-0.076916598492263,1.23764872125219021E18,23.00808,21.99935,21.63576,21.58461,21.5268
229.03280226749,-0.076049703283298,1.23764872125219021E18,24.54575,23.16303,22.93972,22.16186,22.2505
229.0394805597,-0.082994741457315,1.23764872125219021E18,21.81413,20.65716,20.25599,20.11383,20.1145
229.0401813046,-0.082462685377366,1.23764872125219021E18,21.89211,20.92379,20.55997,20.47194,20.3785
229.03815155736,-0.081917946816888,1.23764872125219021E18,22.13855,21.25659,20.9212,20.75584,20.7882
229.0408731284,-0.079077788575241,1.23764872125219021E18,22.75285,21.40576,21.07797,20.95741,21.0682
229.03993261021,-0.084131432817322,1.23764872125219021E18,23.16546,21.93886,21.4961,21.54928,21.4666
229.04165196564,-0.079921784148491,1.23764872125219021E18,23.62678,24.46892,23.24499,22.52734,22.324
229.04544575037,-0.088343273404596,1.23764872125219021E18,22.31438,21.30318,20.94857,21.00408,20.6779
229.04621381852,-0.086819919071717,1.23764872125219021E18,25.42091,24.38376,22.76216,23.51922,22.942
229.04856409807,-0.094593887363621,1.23764872125219021E18,22.47937,21.77172,21.41656,21.30232,21.0165
229.04944786838,-0.086118200424816,1.23764872125219021E18,22.2325,21.46533,21.15146,20.894,20.8511
229.04863145616,-0.086692242059584,1.23764872125219021E18,25.28484,24.81972,22.49096,23.37844,22.0689
229.05154036837,-0.129156159286784,1.23764872125219021E18,21.504,20.55961,20.19454,20.07329,20.0164
229.050329695,-0.130598129896238,1.23764872125219021E18,23.88846,22.60709,22.29921,21.79688,22.1515
229.05145069053,-0.130681485401279,1.23764872125219021E18,24.14959,22.7308,22.28112,22.07899,22.1952
229.05470091674,-0.102510149755565,1.23764872125219021E18,22.43834,21.81209,21.42861,21.19778,21.4296
229.05522495044,-0.103352853067494,1.23764872125219021E18,24.12396,21.89242,21.39963,21.46938,22.1395
229.05407322461,-0.102429347224516,1.23764872125219021E18,24.18844,24.24558,22.56754,21.59633,20.7345
229.05518232576,-0.105040625363821,1.23764872125219021E18,23.67214,22.7848,22.33584,21.92057,23.0924
229.05458312613,-0.100802346305968,1.23764872125219021E18,24.40067,22.48076,22.10922,21.97713,21.9095
229.05329083903,-0.102133469864311,1.23764872125219021E18,24.5048,22.70788,22.11982,21.96071,22.0443
229.05692819969,-0.097375158665688,1.23764872125219021E18,21.7778,20.81772,20.45746,20.3041,20.4555
229.05606472191,-0.097574060108145,1.23764872125219021E18,24.36844,23.53524,22.25249,21.86659,21.9194
229.05771246767,-0.118348043096551,1.23764872125219021E18,21.97941,20.97852,20.6853,20.45339,20.49
229.0589573,-0.12072331562878,1.23764872125219021E18,22.23612,21.46002,20.94794,20.88401,21.0107
228.98430518567,-0.110189956389466,1.23764872125219072E18,23.13694,22.28074,22.17831,21.95555,21.4561
228.98445522668,-0.107884118584681,1.23764872125219072E18,24.75125,22.65801,22.25144,22.16135,22.323
228.98461760296,-0.114653574726162,1.23764872125219072E18,23.74403,22.49945,21.94926,21.60179,22.6793
228.98565771987,-0.114668719312087,1.23764872125219072E18,23.84958,22.92109,22.4278,22.98559,21.5443
228.98524127406,-0.113171432591163,1.23764872125219072E18,23.57729,23.20118,22.53085,22.33597,23.0333
228.99480311402,-0.122291106741809,1.23764872125219072E18,23.97929,22.51727,22.20801,22.17032,22.522
229.00549834176,-0.142638621292488,1.23764872125219072E18,23.61243,22.41688,22.09149,22.42789,21.903
229.00989803194,-0.145182918016841,1.23764872125219072E18,23.36679,22.77619,22.12488,22.09785,21.5957
229.01078602146,-0.07521074615431,1.23764872125219098E18,24.79442,23.64433,22.56579,22.32274,22.4328
229.01324060918,-0.081196917308031,1.23764872125219098E18,24.37404,22.88065,22.612,22.34601,21.9531
229.01549349815,-0.080519258086384,1.23764872125219098E18,23.60518,22.43379,22.15016,21.80775,21.7093
229.0188183422,-0.145390393739374,1.23764872125219098E18,23.10126,22.93109,22.67854,23.16479,22.822
229.01897646964,-0.078150924995053,1.23764872125219098E18,25.65739,23.11773,22.35119,21.63591,21.1624
229.0201886709,-0.148841155562436,1.23764872125219098E18,22.77423,22.16673,21.9109,21.83842,21.6027
229.02043814712,-0.075558590613439,1.23764872125219098E18,23.658,22.33136,21.79188,21.68271,21.1593
229.02129963826,-0.146727191937213,1.23764872125219098E18,24.62622,22.92298,22.60955,22.41452,21.1305
229.02029053104,-0.146230545883582,1.23764872125219098E18,24.2219,23.23277,23.51303,22.61386,22.4244
229.02724141746,-0.148081667530652,1.23764872125219098E18,22.98383,21.68505,21.43327,21.22599,21.2842
229.02526823581,-0.14843992768819,1.23764872125219098E18,23.77915,22.53614,22.233,22.23908,22.1301
229.03515077345,-0.07946418299952,1.23764872125219098E18,23.59715,22.2606,21.77291,21.41308,20.4998
229.03617762849,-0.076246616024694,1.23764872125219098E18,24.13272,22.28404,21.95578,21.7716,21.9459
229.04194946847,-0.087458891666748,1.23764872125219098E18,23.44535,22.10598,21.65927,21.47876,21.6131
229.04226751332,-0.085051960779051,1.23764872125219098E18,24.61085,22.79878,22.22384,22.07402,21.8907
229.04274106938,-0.082979954430738,1.23764872125219098E18,23.16631,22.1154,21.61215,21.49779,21.4864
229.04615212535,-0.13423714591092,1.23764872125219098E18,23.51436,22.50217,22.06793,22.25208,22.0902
229.0489939945,-0.125742205695211,1.23764872125219098E18,24.5904,23.06856,23.14197,22.6608,22.3824
229.04979018139,-0.091679439317658,1.23764872125219098E18,24.23032,23.03414,22.30135,22.23705,21.8127
229.04998753912,-0.100577620584264,1.23764872125219098E18,24.55394,23.17303,22.24808,22.27464,22.2066
229.05169161091,-0.093794071343963,1.23764872125219098E18,23.59849,23.08435,22.4339,22.58742,22.1705
229.05232955171,-0.124971383607721,1.23764872125219098E18,24.37501,22.46515,22.0238,22.2268,21.888
229.05289748039,-0.096337545354542,1.23764872125219098E18,23.41535,22.1573,21.76634,21.5292,21.0354
229.05431825208,-0.098753142635782,1.23764872125219098E18,23.96039,22.74179,22.33155,22.05825,21.7187
229.05434472102,-0.11443322162904,1.23764872125219098E18,23.50621,23.18934,23.09687,22.543,22.2638
229.05748482116,-0.099967469603951,1.23764872125219098E18,23.15742,22.49985,22.31896,21.94378,21.5707
229.05737446025,-0.125365617729045,1.23764872125219098E18,23.15464,22.19135,21.65752,21.53024,21.6184
229.05892499307,-0.115896065955676,1.23764872125219098E18,23.34344,22.36223,21.81326,21.74065,21.671
229.05896929858,-0.111650920793938,1.23764872125219098E18,25.14924,22.56268,21.01651,19.77003,19.0755
229.05815990665,-0.110256903938651,1.23764872125219098E18,24.06982,22.58461,22.10498,21.85475,22.496
229.05810138348,-0.112380290766796,1.23764872125219098E18,24.49705,23.23797,22.93162,23.09544,22.947
229.05789024853,-0.111332536318576,1.23764872125219098E18,23.32997,23.42565,24.32795,23.32111,22.7978
228.99245841998,-0.12233643720328,1.23764872125219123E18,25.02501,23.58873,22.65526,22.8917,21.3811
229.05882540845,-0.105608291280723,1.23764872125219123E18,25.04816,23.44888,22.59522,22.83731,21.1675
229.05915842487,-0.114092472406746,1.23764872125219149E18,24.39089,24.06657,22.89832,21.59117,20.6461
228.98092247589,-0.114945296996166,1.23764872125218842E18,24.03081,22.81256,22.27451,22.16641,22.2423
228.98378463543,-0.10160563337344,1.23764872125218842E18,18.60524,16.41166,15.52062,15.15072,14.9237
228.98592852892,-0.099240451702656,1.23764872125218842E18,22.24986,21.31852,20.98726,20.88551,21.2654
228.9852668665,-0.101747493560405,1.23764872125218842E18,22.95319,22.91747,21.54817,21.47598,22.8271
228.98155782275,-0.106141403939014,1.23764872125218842E18,22.3913,21.46833,21.0843,20.96991,20.8529
228.98095362389,-0.105472249096653,1.23764872125218842E18,24.02196,24.07659,23.05137,22.2844,21.7942
228.99385893257,-0.085317620090061,1.23764872125218842E18,22.65019,21.54115,21.29992,21.12784,21.4233
229.00116893934,-0.149766565616233,1.23764872125218842E18,18.21497,16.83867,16.28483,16.05034,15.9325
228.99798792659,-0.149884926692003,1.23764872125218842E18,19.04449,17.22382,16.45669,16.12667,15.9328
229.00132716053,-0.146719989570653,1.23764872125218842E18,20.79128,18.43933,17.36523,16.95476,16.7141
229.00222206499,-0.152066230849674,1.23764872125218842E18,20.9557,19.76688,19.1817,18.94853,18.8316
228.99336978929,-0.145272287800768,1.23764872125218842E18,21.77208,20.46363,19.97649,19.80241,19.7176
229.00502232981,-0.148156319420827,1.23764872125218842E18,21.85999,20.51514,20.10883,20.0018,19.9422
229.00166290896,-0.151874859925998,1.23764872125218842E18,22.32657,21.41315,20.77889,20.67401,20.8298
228.99175762754,-0.145217356260219,1.23764872125218842E18,22.02936,21.07873,20.75792,20.65398,20.7027
229.00511167092,-0.145449111817104,1.23764872125218842E18,22.01962,21.16913,20.73751,20.66373,20.6624
228.99619303918,-0.145109569267455,1.23764872125218842E18,22.5081,21.42831,21.09938,20.95674,21.0914
228.99435527869,-0.145759304894724,1.23764872125218842E18,23.22499,21.60623,21.17095,20.989,20.7233
228.9950951995,-0.143755156409915,1.23764872125218842E18,22.96357,21.72785,21.32996,21.1734,21.2753
229.00317831923,-0.146066498747887,1.23764872125218842E18,22.37598,21.73373,21.40463,21.41228,21.6828
229.00342379119,-0.149702759022981,1.23764872125218842E18,24.53089,23.16229,22.04214,21.26283,21.0388
228.99925797897,-0.145815988609135,1.23764872125218842E18,24.78267,22.89361,22.03878,21.83062,21.2999
229.0045747633,-0.146376839789114,1.23764872125218842E18,24.31563,23.63691,22.78013,21.87387,22.0373
228.99083866432,-0.145883957314502,1.23764872125218842E18,24.36057,22.83338,22.59238,22.26276,21.8452
228.99633372085,-0.148444890618204,1.23764872125218842E18,24.61624,23.29895,22.87642,23.61152,22.3208
228.99395986582,-0.143682029617585,1.23764872125218842E18,23.54562,24.2,22.94017,23.55298,22.9235
228.99834393342,-0.15147361068794,1.23764872125218842E18,24.06297,23.31862,23.20379,23.08646,22.6353
229.03650267602,-0.147209740549192,1.23764872125218842E18,21.93088,20.85275,20.59153,20.44512,20.5192
228.99737719128,-0.141206040554584,1.23764872125218867E18,20.44673,18.63093,17.89159,17.62981,17.4829
228.99457386605,-0.14095002236075,1.23764872125218867E18,22.03132,21.0585,20.61972,20.51673,20.2917
228.99483923218,-0.13871683993138,1.23764872125218867E18,23.37759,21.62683,23.27445,23.2466,22.3766
229.00072402846,-0.143581534320262,1.23764872125218867E18,24.51424,23.73597,22.6447,22.7013,23.2847
229.02636008826,-0.073464640924307,1.23764872125218867E18,21.95043,20.98703,20.57627,20.45425,20.4808
229.01946522353,-0.07129384591282,1.23764872125218867E18,24.16264,22.24074,21.72333,21.73318,22.1175
229.0253025493,-0.071797596463558,1.23764872125218867E18,23.44975,22.37716,21.96582,22.14526,21.6535
229.02531488033,-0.071143567766305,1.23764872125218867E18,23.23079,23.59396,22.14676,22.98444,22.8475
229.02301516191,-0.069883888982075,1.23764872125218867E18,24.55755,25.55276,25.17974,23.20653,22.5708
229.04209519749,-0.06993739555849,1.23764872125218867E18,21.7991,20.53838,19.98111,19.80446,19.7697
229.04270291929,-0.069740756990523,1.23764872125218867E18,22.0974,21.16411,20.90226,20.92282,20.8566
229.04626514316,-0.069927997995138,1.23764872125218867E18,23.47533,22.06991,21.57352,21.58225,21.61
229.04630961847,-0.143165761398475,1.23764872125218867E18,18.71213,17.42959,17.49221,17.59748,17.6464
229.04515079461,-0.141864812926209,1.23764872125218867E18,20.30675,18.85064,18.21222,17.95697,17.8051
229.04921722335,-0.139697243647557,1.23764872125218867E18,21.56879,20.61628,20.24704,20.02884,19.909
229.05166245083,-0.137059224841795,1.23764872125218867E18,22.23046,21.40523,21.07653,20.99842,21.2606
229.04655114139,-0.142335395666567,1.23764872125218867E18,23.75921,22.21676,21.98456,21.68468,21.894
229.05093925517,-0.1372567595201,1.23764872125218867E18,22.96555,21.83985,21.70317,21.56968,21.3332
229.04934065504,-0.137926745271043,1.23764872125218867E18,23.87168,23.69488,23.23505,21.88441,22.0847
229.04842003128,-0.143614386613175,1.23764872125218867E18,23.91096,23.39316,22.93209,21.80065,21.5144
229.0475453399,-0.141712987946643,1.23764872125218867E18,24.11083,22.90376,22.43225,22.74639,22.0636
229.05027485736,-0.138985678082836,1.23764872125218867E18,24.49728,23.21083,23.14497,24.09551,21.8763
229.05147130635,-0.139222889286099,1.23764872125218867E18,23.87784,23.39548,22.7387,22.62274,21.6272
229.05310923792,-0.088295975875561,1.23764872125218867E18,24.74575,23.26582,22.84676,22.06731,21.7341
229.05580563075,-0.086624784752587,1.23764872125218867E18,18.8287,17.76041,17.34511,17.19413,17.128
229.05578292646,-0.088481616820096,1.23764872125218867E18,21.46454,20.48807,20.13884,20.05711,19.847
229.05499338511,-0.083169859324459,1.23764872125218867E18,25.5296,23.36241,22.06255,21.35595,22.0631
229.05632191746,-0.084001702710128,1.23764872125218867E18,22.96161,22.51436,22.04785,23.56671,22.2184
229.05436641213,-0.084568721428324,1.23764872125218867E18,24.6082,22.49477,21.93774,21.926,21.8587
229.05679862457,-0.082596207323006,1.23764872125218867E18,24.77726,22.25871,21.95004,21.76901,21.6652
229.05666716667,-0.084401507622232,1.23764872125218867E18,23.43146,22.31542,21.89378,21.78664,21.7569
229.05350417823,-0.085908378354852,1.23764872125218867E18,23.08279,23.30043,23.2709,22.32399,21.2274
229.05388771519,-0.148892252859769,1.23764872125218867E18,24.40148,21.44952,19.92019,18.58351,17.8286
229.05047497501,-0.145224894081821,1.23764872125218867E18,21.71299,20.5242,20.17319,20.05292,20.2409
229.04830370763,-0.14828043428812,1.23764872125218867E18,21.91421,20.73857,20.33668,20.24741,20.3892
229.05369527164,-0.147592674295706,1.23764872125218867E18,22.25733,21.20286,20.75529,20.72896,21.0471
229.05051804492,-0.147336163472586,1.23764872125218867E18,22.53574,21.41129,21.00096,20.86546,21.2383
229.05081754537,-0.14420304423293,1.23764872125218867E18,23.39118,21.71166,21.26624,21.17377,21.3997
229.05273984725,-0.149333418868209,1.23764872125218893E18,23.82962,22.46498,22.02134,22.06695,21.9818
229.05311648894,-0.14802358223492,1.23764872125218893E18,23.33889,22.77896,22.3326,22.03064,21.5457
229.05178431268,-0.149708815197172,1.23764872125218893E18,25.46139,23.63659,22.29444,22.30172,22.3263
229.05331320364,-0.150786640259579,1.23764872125218893E18,25.28249,24.36334,23.5086,22.02454,22.6373
229.05128785993,-0.147308142036657,1.23764872125218893E18,24.62771,23.22151,22.75588,22.42618,21.598
228.98324495269,-0.118584930208447,1.23764872125218893E18,22.11718,21.42578,21.05729,21.05213,21.2644
228.98219063107,-0.118745673638046,1.23764872125218893E18,23.70253,21.61615,21.28041,21.24533,20.6724
228.98116244332,-0.120863256668461,1.23764872125218893E18,24.05236,23.07122,22.54871,22.55085,21.8571
228.98553068071,-0.087009040897161,1.23764872125218893E18,21.68234,20.45429,19.99669,19.79987,19.8038
228.9844785126,-0.094739754885013,1.23764872125218893E18,22.60812,20.68084,20.02526,19.75158,19.675
228.98167061085,-0.093605841193172,1.23764872125218893E18,21.74963,20.63095,20.31165,20.23213,20.3467
228.98803007265,-0.090725269551121,1.23764872125218893E18,21.79524,20.74514,20.32903,20.25039,20.1537
228.98847870025,-0.087314766760321,1.23764872125218893E18,21.91183,20.7059,20.35596,20.22561,20.3077
228.98776483959,-0.087091173210486,1.23764872125218893E18,24.51822,23.62914,22.12073,20.44653,19.549
228.98846387247,-0.08812449906215,1.23764872125218893E18,21.96,21.1091,20.75791,20.61577,20.6881
228.98601687646,-0.093713830621921,1.23764872125218893E18,22.02426,21.15141,20.93083,20.80662,20.9522
228.98670654628,-0.091746624190457,1.23764872125218893E18,22.519,21.58219,22.02384,24.36183,20.7524
228.98179838081,-0.092690395249337,1.23764872125218893E18,24.20124,23.40035,22.62534,20.9725,20.5809
228.98809943016,-0.083413781141906,1.23764872125218893E18,22.47548,21.65845,21.39478,21.27403,20.8768
228.988465014,-0.085347006347849,1.23764872125218893E18,24.17996,21.84762,21.43287,21.27359,21.6123
228.98147643165,-0.091996765370232,1.23764872125218893E18,24.67895,22.8736,21.70793,21.371,21.5732
228.99047699388,-0.089475943103502,1.23764872125218893E18,23.90981,22.05162,21.80975,21.4672,21.1398
228.9823158954,-0.094362137096464,1.23764872125218893E18,24.18056,22.46428,21.8289,21.67624,21.6204
228.98640626501,-0.092653462638369,1.23764872125218893E18,24.33397,22.48111,21.96147,21.84342,22.0724
228.98944516213,-0.089448526291863,1.23764872125218893E18,23.71101,22.51965,22.06935,21.89572,22.3121
228.98743043849,-0.087018227506272,1.23764872125218893E18,24.12818,22.99324,23.07053,22.44493,21.9676
228.98284344691,-0.088302489304586,1.23764872125218893E18,21.98799,19.91439,18.81386,18.34669,17.9409
228.98350059768,-0.152256517995072,1.23764872125218893E18,21.21595,20.22455,19.77484,19.58504,19.6224
228.98155850486,-0.151385492153666,1.23764872125218893E18,21.78765,20.99502,20.57783,20.50368,20.5025
228.98145162046,-0.152142596933073,1.23764872125218893E18,22.21527,21.16834,20.81178,20.79818,20.7846
228.98544699417,-0.151761092993011,1.23764872125218893E18,21.98392,21.20889,20.86683,20.80541,20.4878
228.98270994402,-0.149760742501786,1.23764872125218893E18,24.1613,21.94904,21.56664,21.58246,20.8549
228.98810031371,-0.152892925733334,1.23764872125218893E18,22.35537,22.08882,21.94416,21.68444,20.8507
228.98150590693,-0.149262382048321,1.23764872125218893E18,24.40584,22.15016,21.88831,21.51786,22.5562
228.98929989198,-0.151905448183742,1.23764872125218893E18,23.70444,22.27264,21.77312,21.81974,21.8105
228.9811180779,-0.148755179935775,1.23764872125218893E18,23.72291,23.21736,22.08378,22.67766,22.2946
228.98708458218,-0.127488747898373,1.23764872125218893E18,21.79672,20.5044,20.05485,19.77655,20.1688
228.98595610781,-0.125217258407111,1.23764872125218893E18,22.58659,22.35068,21.90149,21.80293,21.6816
228.98566087026,-0.123400904244442,1.23764872125218893E18,24.25507,23.56186,22.32191,22.92702,21.8928
228.98542935716,-0.128640122122229,1.23764872125218893E18,24.48918,23.19221,22.91678,22.58921,22.496
228.98771885009,-0.147210759949385,1.23764872125218893E18,19.99731,18.48941,17.84902,17.58609,17.3975
228.98777392691,-0.144908296544231,1.23764872125218893E18,22.37062,21.13484,20.75673,20.71341,20.6282
228.9891833745,-0.147790889905899,1.23764872125218893E18,24.29221,24.65027,23.49563,23.78823,22.9349
228.99251670101,-0.081062293391467,1.23764872125218918E18,20.42365,18.94057,18.35057,18.10801,17.9222
228.99149288439,-0.080248385386841,1.23764872125218918E18,24.35369,23.07613,22.52181,22.38607,21.9558
228.99421923695,-0.070258273328567,1.23764872125218918E18,21.24908,20.19994,19.84261,19.72781,19.6265
228.99538960123,-0.072114987461109,1.23764872125218918E18,23.75359,23.50483,22.34784,20.92883,20.3443
228.99780311852,-0.072929160200948,1.23764872125218918E18,23.32019,22.2361,21.93848,21.80926,21.5471
228.99628971376,-0.072368210647063,1.23764872125218918E18,25.24697,23.8061,23.13881,22.16509,22.4321
228.99620501784,-0.073967942061764,1.23764872125218918E18,24.53727,23.10989,22.71229,22.28887,21.8605
229.00474087655,-0.073138589638839,1.23764872125218918E18,21.143,20.15626,19.71644,19.58479,19.4785
229.00585807989,-0.073957552481197,1.23764872125218918E18,23.41355,21.83416,21.4662,21.43139,22.2376
229.00444996292,-0.069962740153667,1.23764872125218918E18,23.62926,21.98552,21.63132,21.51258,22.2903
229.00584533559,-0.075721999140635,1.23764872125218918E18,24.78224,22.12312,21.74137,21.55173,22.597
229.00489520792,-0.072339280888397,1.23764872125218918E18,24.00984,22.85694,22.32625,21.83151,21.9932
229.00509376774,-0.070931706531306,1.23764872125218918E18,23.90482,24.1305,24.35509,24.95695,21.9436
229.01212168939,-0.072957657747109,1.23764872125218918E18,21.236,20.21955,19.84529,19.68693,19.6911
229.01053204069,-0.069739875242817,1.23764872125218918E18,21.75467,20.65262,20.30923,20.17795,20.131
229.01558575891,-0.073001577460342,1.23764872125218918E18,22.21926,20.94347,20.5771,20.37955,20.5003
229.01290009743,-0.073568772641024,1.23764872125218918E18,22.6269,21.23737,21.00084,20.80969,20.5786
229.0160792028,-0.070157108488165,1.23764872125218918E18,22.75863,21.67896,21.09769,20.86493,20.6133
229.01331554191,-0.069795196226679,1.23764872125218918E18,24.06206,23.61983,22.53748,21.65699,22.5569
229.01392114408,-0.071907595745919,1.23764872125218918E18,24.42654,22.90831,22.07537,22.02155,22.6934
229.01675972865,-0.072280187363674,1.23764872125218918E18,23.94727,23.10552,22.47007,22.30598,22.1791
229.01115608961,-0.149296579210238,1.23764872125218918E18,21.51988,20.48226,20.08744,19.97252,19.9626
229.01087758689,-0.148240779598021,1.23764872125218918E18,22.25667,21.43778,21.02914,20.84361,20.8799
229.01160851727,-0.150719780084643,1.23764872125218918E18,22.29248,21.35423,20.98175,20.94974,21.5015
229.01227214261,-0.152408326117334,1.23764872125218918E18,24.00533,22.40562,21.90874,22.11354,22.9215
229.01129261831,-0.152487695683932,1.23764872125218918E18,24.02355,22.5824,22.27126,21.90779,22.6212
229.02126853606,-0.152374703825329,1.23764872125218918E18,23.40173,22.07815,21.77464,21.6247,21.1698
229.01948672065,-0.151934661306001,1.23764872125218918E18,24.52716,22.58505,22.18796,21.81258,21.625
229.02967592973,-0.071785001795257,1.23764872125218944E18,20.24605,19.02206,19.05139,19.07975,19.2636
229.03650070813,-0.149725992554672,1.23764872125218944E18,21.16164,19.9929,19.92067,19.90173,19.9792
229.04223195109,-0.147760753615921,1.23764872125218944E18,21.60343,20.49871,20.13076,20.00695,20.329
229.04177996812,-0.14995671266875,1.23764872125218944E18,21.73481,20.50151,20.00244,19.81383,19.6581
229.04499681168,-0.150008000263299,1.23764872125218944E18,21.9634,20.85268,20.52817,20.42496,20.2814
229.04400740057,-0.148926778410986,1.23764872125218944E18,21.88914,21.40476,20.86722,20.79079,20.4972
229.0401122918,-0.147842055131245,1.23764872125218944E18,22.39868,21.55682,21.3525,21.17261,21.4112
229.04118145373,-0.146388782698352,1.23764872125218944E18,22.67,21.5722,21.26175,21.09225,20.9243
229.03760427242,-0.150335937696584,1.23764872125218944E18,23.03052,21.74428,21.29391,21.30877,21.4422
229.0401178277,-0.148708260145684,1.23764872125218944E18,23.54724,22.93246,22.7694,22.83867,22.1536
229.04465408349,-0.147682575746601,1.23764872125218944E18,25.3208,24.26945,22.97436,23.50259,22.2776
229.04118159881,-0.151113923775511,1.23764872125218944E18,21.52207,19.00377,17.60718,16.42743,15.8023
229.04696145349,-0.078008884737658,1.23764872125218944E18,21.40997,20.26415,19.77071,19.62896,19.465
229.04949850628,-0.080926482541494,1.23764872125218944E18,21.61437,20.47948,19.99403,19.76827,19.8211
229.04911021426,-0.078904659592755,1.23764872125218944E18,22.20065,21.45593,21.01537,21.08099,20.9466
229.05124073397,-0.080349741642789,1.23764872125218944E18,25.08319,23.12056,21.95667,21.54836,21.3478
229.05071132297,-0.07741533879824,1.23764872125218944E18,23.92804,22.36743,22.14894,21.71462,22.528
229.05175064049,-0.080193353529439,1.23764872125218944E18,24.31523,22.97774,22.39305,22.11174,22.6145
229.05411023071,-0.132730609293364,1.23764872125218944E18,22.05081,20.78244,20.5297,20.38615,20.5893
229.0626819587,-0.094654000859349,1.23764872125218944E18,21.24942,19.74941,18.92461,18.50422,18.1821
229.06019970518,-0.094908657289173,1.23764872125218944E18,23.26652,21.37512,19.96882,19.10645,18.7241
229.06059595648,-0.094553522800285,1.23764872125218944E18,22.85117,21.39417,21.13777,21.00813,20.9172
229.06315746345,-0.136329825278772,1.23764872125218944E18,22.01955,20.88488,20.51239,20.43849,20.8015
229.06095214242,-0.098425717671618,1.23764872125218944E18,24.98133,23.98387,22.38767,21.40905,20.6315
229.06191415966,-0.099982145648469,1.23764872125218944E18,24.4204,22.75682,22.11448,22.1433,22.4939
229.06302601354,-0.133745714419303,1.2376487212521897E18,24.31391,20.83766,19.43458,18.79817,18.4393
229.06169407862,-0.133373402356211,1.2376487212521897E18,21.84106,21.23769,20.87619,20.76507,20.6567
228.98066869098,-0.108989567262025,1.23764872125218995E18,21.35945,20.48753,20.05507,19.83657,19.7784
228.98133559189,-0.143340052441067,1.23764872125218995E18,21.50084,20.5164,20.1603,20.007,19.8692
228.98092987231,-0.146478034249715,1.23764872125218995E18,21.85735,20.56573,20.16138,20.12625,19.9617
228.98589295426,-0.140334129048464,1.23764872125218995E18,22.5824,21.53253,21.35106,21.13621,21.4258
228.9848239323,-0.140039318067402,1.23764872125218995E18,23.47245,21.8238,21.40774,21.36615,22.2143
228.98316950048,-0.14322405615766,1.23764872125218995E18,23.25957,21.95165,21.49972,21.36468,21.3247
228.98466408381,-0.142029647183588,1.23764872125218995E18,23.33151,22.28407,21.85339,21.73033,21.5386
228.98062645417,-0.14319093863433,1.23764872125218995E18,23.56542,22.42786,21.9271,21.74977,21.6701
228.9883376894,-0.139626490749151,1.23764872125218995E18,23.38575,23.01836,22.81354,22.43783,23.0093
228.98456895083,-0.139246429651063,1.23764872125218995E18,23.83084,23.14133,22.742,22.90671,22.0082
228.98738625555,-0.14035539356114,1.23764872125218995E18,24.20503,24.31898,23.11051,23.13818,21.8927
228.98193290954,-0.137848758526914,1.23764872125218995E18,21.61918,20.60824,20.30292,20.17485,20.0522
228.98200453774,-0.133526873749162,1.23764872125218995E18,22.35317,21.63383,21.11579,21.01268,21.6772
228.98346930789,-0.081001118893959,1.23764872125218995E18,22.32684,21.45949,21.10018,20.94439,20.9939
228.98322154934,-0.082465677634339,1.23764872125218995E18,23.74658,21.52122,21.26252,21.29368,21.0849
228.98475800148,-0.07907656270149,1.23764872125218995E18,23.24815,21.8532,21.50804,21.23058,21.8989
228.9836218972,-0.078008224855625,1.23764872125218995E18,24.52321,22.60426,21.98868,22.07994,22.1665
228.98204672064,-0.078890527776228,1.23764872125218995E18,23.43975,22.68864,22.0969,21.9793,21.8489
228.98704191663,-0.078645888792455,1.23764872125218995E18,24.15942,22.5146,22.15234,22.00648,21.5105
228.98088535223,-0.078857655109572,1.23764872125218995E18,24.03022,22.99571,22.22556,22.15928,22.1864
228.98162604386,-0.07937656907516,1.23764872125218995E18,23.82608,22.58604,23.17989,22.85921,22.1872
228.98058662012,-0.080631087550354,1.23764872125218995E18,25.13301,23.78879,22.85414,23.57969,23.5828
228.98518264849,-0.078287173077297,1.23764872125218995E18,25.29191,24.64489,22.75996,23.77429,22.1354
228.9853752147,-0.144966847830581,1.23764872125218995E18,21.5574,20.54121,20.05669,19.9192,19.8047
228.98457116417,-0.146469235623933,1.23764872125218995E18,22.38293,21.42512,21.03758,20.95316,21.2925
228.98517528102,-0.146159253727341,1.23764872125218995E18,23.37782,22.23238,21.96294,21.7956,22.1447
228.98779377303,-0.131847160928431,1.23764872125218995E18,21.66084,20.52543,20.12974,19.95417,19.9081
228.99016832804,-0.135429248503852,1.23764872125218995E18,22.55131,21.33536,21.12929,20.87933,20.9529
228.98428265777,-0.134170238307211,1.23764872125218995E18,22.68618,21.46695,21.02555,20.98766,20.7499
228.98996425542,-0.137079074297564,1.23764872125218995E18,22.21635,21.54784,21.26507,21.15358,21.5338
228.98748322358,-0.135498841264093,1.23764872125218995E18,22.67559,21.89982,21.46176,21.52691,21.7997
228.98825153145,-0.135435010290506,1.23764872125218995E18,24.63508,22.24367,21.95895,21.70845,21.5336
228.98803224658,-0.13607440494358,1.23764872125218995E18,23.65596,22.28219,21.88089,21.84777,22.6474
228.9863225272,-0.134553711536952,1.23764872125218995E18,23.19669,22.71376,22.16403,22.17191,21.7934
228.99191858464,-0.136315239478048,1.23764872125218995E18,23.52178,23.74718,23.05562,22.26277,21.7117
228.9854980281,-0.134106021050742,1.23764872125218995E18,25.16196,23.34261,23.09294,22.39299,21.6689
228.98733862023,-0.137303186814955,1.23764872125218995E18,24.20183,24.50878,23.24651,23.39432,22.0151
228.99220614103,-0.149610941365756,1.23764872125218995E18,22.46789,21.80256,21.32688,21.243,21.0773
228.99571693315,-0.0789490508476,1.23764872125218995E18,21.85466,20.82557,20.52468,20.38643,20.4849
228.99620382153,-0.077138339751372,1.23764872125218995E18,22.87304,21.5256,21.15323,21.02087,20.5549
228.99647618225,-0.078707637137325,1.23764872125218995E18,22.91183,22.3019,21.83186,21.51365,21.466
228.99512742773,-0.07581771812766,1.23764872125218995E18,24.25333,24.5565,22.81976,23.35496,23.045
229.00003723757,-0.079456288810519,1.23764872125218995E18,22.27856,21.01913,20.68016,20.5385,20.6328
229.00173166851,-0.070531569084342,1.23764872125218995E18,23.99393,25.17072,25.31029,24.7124,20.6477
229.00742236932,-0.150949423122924,1.23764872125218995E18,21.9234,20.74902,20.37763,20.24212,20.0786
229.00870875909,-0.151164309637523,1.23764872125218995E18,21.86329,20.89876,20.58531,20.47555,20.1436
229.00851918354,-0.149125977752937,1.23764872125218995E18,23.49317,21.96397,21.53985,21.45292,20.9391
229.00789281043,-0.151703788615379,1.23764872125218995E18,25.52816,24.67147,23.60096,22.32714,23.2498
229.04036385073,-0.077392053773022,1.23764872125219021E18,24.01394,23.02776,22.56407,22.33959,22.5995
229.04483402059,-0.152239219065684,1.23764872125219021E18,22.34639,21.59684,21.22915,21.12576,20.8445
229.04566829171,-0.075529286427304,1.23764872125219021E18,21.7099,20.56341,20.18476,20.07364,19.8656
229.04755445122,-0.074381290142809,1.23764872125219021E18,23.67924,22.32387,21.93482,21.86549,21.5199
229.04766079051,-0.075982656496023,1.23764872125219021E18,25.02755,24.4717,22.66202,21.91349,22.4867
229.04722822468,-0.073719625831837,1.23764872125219021E18,23.37385,23.08673,22.3228,21.8574,21.9231
229.04927884636,-0.150798464707645,1.23764872125219021E18,21.85149,20.95909,20.65373,20.50682,20.9348
229.0478211344,-0.151528742297087,1.23764872125219021E18,24.30449,22.57507,21.33456,20.68983,20.288
229.04979511898,-0.072052033011396,1.23764872125219021E18,22.13051,21.26776,20.86353,20.74213,20.7517
229.05024536835,-0.070089723911583,1.23764872125219021E18,22.3883,21.18659,20.85924,20.76816,20.8394
229.05650739678,-0.129008353886979,1.23764872125219021E18,22.00364,20.71547,20.33159,20.24738,20.1889
229.05634030458,-0.128342502133785,1.23764872125219021E18,22.11992,21.10613,20.722,20.6297,20.9122
229.05691378054,-0.095639237269693,1.23764872125219021E18,23.49484,21.8973,21.55939,21.42962,21.5716
229.05860671173,-0.131564931035236,1.23764872125219021E18,24.2121,24.29326,22.01805,20.34429,19.7622
229.0570116694,-0.131887839608512,1.23764872125219021E18,21.80758,20.83315,20.53129,20.478,20.6676
229.05961731932,-0.132199994095879,1.23764872125219021E18,22.04329,21.05354,20.72155,20.63354,20.5678
229.05834235714,-0.143752688062948,1.23764872125219021E18,22.17981,21.25817,20.90152,20.82628,20.7132
229.0563695943,-0.142276315284208,1.23764872125219021E18,23.57587,22.53722,22.27434,21.58318,21.919
229.05540088343,-0.142401544128093,1.23764872125219021E18,23.77737,22.37737,21.97368,21.94591,21.6509
229.05510550609,-0.143974499783873,1.23764872125219021E18,25.2597,23.01173,22.34992,22.52643,22.3473
229.06102457993,-0.120440323135843,1.23764872125219021E18,23.92224,22.48919,21.77374,21.9236,21.2465
229.05950592969,-0.147622173651641,1.23764872125219021E18,21.6533,21.00527,20.70932,20.60629,20.6731
229.05840478033,-0.146690166466307,1.23764872125219021E18,25.6774,22.43619,21.09173,20.39667,20.1033
229.05945694227,-0.148333334059326,1.23764872125219021E18,24.33219,22.30552,21.91028,21.73483,22.0912
229.0599948692,-0.137637793528701,1.23764872125219021E18,21.99723,21.27488,21.00354,20.83748,21.1417
229.05900995643,-0.137638559409336,1.23764872125219021E18,23.93802,22.07156,21.66487,21.43011,22.0839
229.0604204863,-0.117590582090026,1.23764872125219021E18,21.81483,20.80702,20.41931,20.33165,20.3597
229.062098007,-0.116558216161541,1.23764872125219021E18,24.15216,22.37022,21.99806,21.80848,21.9375
229.06108834477,-0.116499942336883,1.23764872125219021E18,23.64801,23.3171,23.23988,22.35576,22.0599
229.06050900065,-0.129713910577507,1.23764872125219021E18,22.09638,21.2456,20.83859,20.60323,20.7363
229.06083956164,-0.12876941996615,1.23764872125219021E18,23.73473,22.02633,21.79141,21.59422,21.3688
229.0627002189,-0.129661497777622,1.23764872125219021E18,23.72366,22.78207,22.70191,22.12137,21.8352
229.06356990543,-0.129379888636087,1.23764872125219021E18,24.74135,23.0181,22.44289,22.46846,21.9645
229.06157983963,-0.130725182550873,1.23764872125219021E18,24.52996,24.06945,22.61168,22.2307,21.9091
229.06026315874,-0.102856205571786,1.23764872125219021E18,22.46474,21.63361,21.23043,21.25335,21.2317
229.06138147052,-0.105729578072237,1.23764872125219021E18,23.3648,21.66485,21.36769,21.19328,21.0963
229.06222509522,-0.10443558145107,1.23764872125219021E18,22.90035,21.81136,21.46884,21.27298,21.3225
229.06178160703,-0.102644510298995,1.23764872125219021E18,23.67514,22.35988,21.88136,21.74366,22.0141
229.06049071805,-0.108493299373402,1.23764872125219021E18,22.28225,22.05422,21.69974,21.43528,21.6801
229.06140864716,-0.109793522943036,1.23764872125219021E18,24.21524,22.46138,21.88084,21.72014,21.9753
229.06108677215,-0.124842013230558,1.23764872125219021E18,22.23208,21.2713,20.92595,20.79066,20.3115
229.06039782606,-0.123506802543992,1.23764872125219021E18,24.02941,22.65646,22.15464,21.959,22.6098
229.06258812192,-0.142994087439027,1.23764872125219021E18,22.14354,21.36475,21.0762,20.82097,20.9546
229.06106543198,-0.142034128157559,1.23764872125219021E18,24.01781,23.51364,22.39789,21.22908,20.5434
229.0631144379,-0.108032868542951,1.23764872125219021E18,22.28577,21.4345,21.13755,20.96744,20.8193
229.0636901758,-0.151143959577333,1.23764872125219021E18,22.00411,20.79262,20.39729,20.36639,20.4024
229.06364064618,-0.146179955094673,1.23764872125219021E18,23.73664,22.56467,22.17043,21.36608,21.7665
229.06122153331,-0.145038565985931,1.23764872125219021E18,23.66241,22.04263,21.609,21.47026,21.8496
229.06326488904,-0.150521141151889,1.23764872125219021E18,23.17111,22.11398,21.90611,21.64615,22.1168
229.0632146052,-0.145538665830008,1.23764872125219021E18,23.9954,22.57311,22.19435,22.92315,22.3643
229.06360607661,-0.148854192212667,1.23764872125219021E18,24.31978,23.86123,23.86259,24.45752,23.2343
229.06271147165,-0.127508609344139,1.23764872125219046E18,23.402,22.52307,22.09952,21.69644,21.9992
228.98074627972,-0.130328250333142,1.23764872125219072E18,23.61392,23.65877,21.71388,20.4528,19.7244
228.98077600438,-0.071032923183068,1.23764872125219072E18,23.83106,22.18477,21.61842,21.32051,21.4109
228.98280263511,-0.123986355551163,1.23764872125219072E18,25.66436,23.66018,22.15512,21.15383,20.5019
228.98176840878,-0.125815816390644,1.23764872125219072E18,22.60565,21.81624,21.44846,21.23747,21.3069
228.98185800624,-0.099019496465864,1.23764872125219072E18,24.91873,22.07287,21.76519,21.79,22.1674
228.98193256244,-0.128598394960321,1.23764872125219072E18,23.29775,22.08636,21.70761,21.79361,21.6743
228.98192942565,-0.127673898096694,1.23764872125219072E18,23.28078,22.63321,22.27166,22.11129,22.2306
228.98209619909,-0.076079986672309,1.23764872125219072E18,25.21116,22.55157,21.41817,20.84867,20.5428
228.98373948357,-0.12650821288207,1.23764872125219072E18,23.7648,23.35378,23.26818,22.39581,22.6654
228.98396394595,-0.122115969405951,1.23764872125219072E18,23.17797,22.45864,21.87364,21.78119,21.9583
228.98439481772,-0.13089469504823,1.23764872125219072E18,23.10343,21.62112,21.38214,21.3178,21.3987
228.98371598532,-0.115672774585096,1.23764872125219072E18,24.56187,22.55961,22.21814,21.96708,21.2291
228.98872297974,-0.076658492019205,1.23764872125219072E18,22.91137,21.50801,21.17156,21.02854,20.715
228.98990857079,-0.140954935307784,1.23764872125219072E18,24.25543,22.70473,22.32053,22.11846,22.5443
228.99013005813,-0.0702064152241,1.23764872125219072E18,23.13417,21.90921,21.57836,21.4672,21.4501
228.99004430908,-0.070867278275236,1.23764872125219072E18,23.60408,22.54142,21.94246,21.7871,21.5528
228.99069227648,-0.071808400935785,1.23764872125219072E18,25.32614,23.85423,22.89853,23.72567,21.9354
228.99074092347,-0.084831753164998,1.23764872125219072E18,23.26984,21.90831,21.51158,21.54238,20.7449
228.99096113131,-0.077670317024373,1.23764872125219072E18,23.71616,23.01755,22.681,22.34068,21.6776
228.99187177945,-0.142844351758387,1.23764872125219072E18,24.94742,22.66671,21.99001,21.12387,20.3394
228.99324698442,-0.151382828162878,1.23764872125219072E18,23.4157,22.37183,21.929,21.6168,21.6034
228.99539086919,-0.150770816870007,1.23764872125219072E18,24.2648,23.22728,23.13029,22.14909,22.9411
228.99961371257,-0.074085390325599,1.23764872125219072E18,24.58786,25.51592,24.20612,24.37183,20.6824
229.0061665869,-0.152859001573617,1.23764872125219072E18,24.98032,22.60966,22.04705,20.71157,19.9514
229.00820404431,-0.070721177028218,1.23764872125219072E18,23.34397,22.63958,22.48372,22.33538,21.4541
229.01018801297,-0.074865895090411,1.23764872125219098E18,24.71094,23.2643,23.21605,23.59751,21.6658
229.01378888204,-0.150348422016854,1.23764872125219098E18,22.67882,21.99186,21.60744,21.58226,21.7573
229.02591526283,-0.149675261543921,1.23764872125219098E18,22.96124,22.81139,22.16573,22.2189,22.2475
229.0280980965,-0.151093831742016,1.23764872125219098E18,23.4645,22.42184,22.10627,21.86266,21.5079
229.03382599893,-0.151743342089137,1.23764872125219098E18,23.06973,22.57957,22.01317,22.15952,21.6056
229.03338352358,-0.071876512603701,1.23764872125219098E18,23.16183,22.6247,21.80369,21.40816,21.5305
229.03669556836,-0.070740441242709,1.23764872125219098E18,24.2257,22.84443,22.62965,21.94264,21.5114
229.04039019459,-0.073680702455911,1.23764872125219098E18,24.53628,22.50659,22.04403,21.90653,22.3915
229.04389070086,-0.079265401695499,1.23764872125219098E18,23.86635,22.76566,22.58341,21.94612,21.9072
229.04826576552,-0.082767574881734,1.23764872125219098E18,23.78656,22.9928,22.29893,22.05427,22.0351
229.05006359293,-0.083210667039596,1.23764872125219098E18,23.30336,23.0338,23.03219,22.50747,22.6727
229.04953379213,-0.153026046062022,1.23764872125219098E18,22.86957,21.54387,21.17569,21.11855,20.8054
229.05410881424,-0.072034409042873,1.23764872125219098E18,23.91085,22.95332,22.40351,22.38534,21.7228
229.05453462592,-0.13855734185224,1.23764872125219098E18,23.15293,22.08495,21.51848,21.43974,21.1374
229.05518215776,-0.075679443671038,1.23764872125219098E18,23.62601,22.53326,21.76878,21.65869,21.3399
229.05563232369,-0.079969965708749,1.23764872125219098E18,22.63996,22.25302,21.9411,21.71074,22.2014
229.05461632761,-0.081101803690728,1.23764872125219098E18,23.92003,23.04638,22.46879,22.14255,22.6073
229.05797901134,-0.126467642809005,1.23764872125219098E18,23.13783,22.84555,22.03279,22.10787,22.476
229.05952867932,-0.092652742704904,1.23764872125219098E18,24.8821,22.94233,22.15467,21.99574,21.4018
229.05990333843,-0.085253587848462,1.23764872125219098E18,22.83846,21.46335,21.15908,20.91779,20.99
229.06142108215,-0.088624889553469,1.23764872125219098E18,23.21503,22.24463,21.81001,21.54131,21.965
229.06220415105,-0.090031586508727,1.23764872125219098E18,23.7263,22.49857,21.92367,21.85924,21.705
229.06252562737,-0.1405596227595,1.23764872125219123E18,23.86812,22.26426,21.90176,21.65596,21.3658
229.06358968235,-0.120657113937909,1.23764872125219123E18,22.54959,21.68766,21.34687,21.20939,21.8297
229.06366328513,-0.072672945108895,1.23764872125219123E18,24.87638,22.91763,22.52276,22.6338,23.1795
228.99402562866,-0.14885617331427,1.23764872125219123E18,24.09155,23.46477,22.74177,22.23793,22.5454
229.041971634,-0.07566351511211,1.23764872125219123E18,25.73183,23.97068,22.74233,22.68984,22.2274
229.05803613696,-0.071973416398751,1.23764872125219123E18,23.88521,24.17979,22.63655,21.38562,20.3938
229.05985726311,-0.100763466550562,1.23764872125219123E18,23.37478,23.53571,22.68438,22.70466,22.0666
